/*
SQLyog Community v11.24 (64 bit)
MySQL - 5.1.73 : Database - floer
*********************************************************************
*/

/*!40101 SET NAMES utf8 */;

/*!40101 SET SQL_MODE=''*/;

/*!40014 SET @OLD_UNIQUE_CHECKS=@@UNIQUE_CHECKS, UNIQUE_CHECKS=0 */;
/*!40014 SET @OLD_FOREIGN_KEY_CHECKS=@@FOREIGN_KEY_CHECKS, FOREIGN_KEY_CHECKS=0 */;
/*!40101 SET @OLD_SQL_MODE=@@SQL_MODE, SQL_MODE='NO_AUTO_VALUE_ON_ZERO' */;
/*!40111 SET @OLD_SQL_NOTES=@@SQL_NOTES, SQL_NOTES=0 */;
CREATE DATABASE /*!32312 IF NOT EXISTS*/`floer` /*!40100 DEFAULT CHARACTER SET utf8 */;

USE `floer`;

/*Table structure for table `fl_banner` */

DROP TABLE IF EXISTS `fl_banner`;

CREATE TABLE `fl_banner` (
  `id` int(11) NOT NULL AUTO_INCREMENT COMMENT 'id',
  `title` varchar(64) NOT NULL COMMENT '标题',
  `img_url` varchar(64) NOT NULL COMMENT '图片url',
  `link` varchar(64) NOT NULL COMMENT '链接地址',
  `type` tinyint(3) NOT NULL DEFAULT '1' COMMENT '类型：1、PC 2、手机',
  `sort` int(11) NOT NULL DEFAULT '0' COMMENT '排序',
  `is_show` tinyint(3) NOT NULL DEFAULT '1' COMMENT '是否显示  1、显示 2、隐藏',
  `addtime` int(11) DEFAULT NULL COMMENT '添加时间',
  PRIMARY KEY (`id`)
) ENGINE=MyISAM AUTO_INCREMENT=4 DEFAULT CHARSET=utf8 COMMENT='banner表';

/*Data for the table `fl_banner` */

insert  into `fl_banner`(`id`,`title`,`img_url`,`link`,`type`,`sort`,`is_show`,`addtime`) values (1,'banner1','banner/20180511/1c0d4d3e58db9f4f8bb99bc84ce40b71.png','1',2,1,1,1526022729),(2,'banner2','banner/20180511/d0d32c9b070625b3f9826ad44a5ab8cf.png','2',2,2,1,1526029829),(3,'banner3','banner/20180511/22ebbb60fc53fb8cb36dc640ce97d774.png','3',2,3,1,1526022706);

/*Table structure for table `fl_course` */

DROP TABLE IF EXISTS `fl_course`;

CREATE TABLE `fl_course` (
  `id` int(11) NOT NULL AUTO_INCREMENT COMMENT '自增课程id',
  `classify_id` int(11) NOT NULL COMMENT '课程的分类id',
  `teacher_id` int(11) NOT NULL COMMENT '课程导师id',
  `courser_name` varchar(64) NOT NULL COMMENT '课程名称',
  `addtime` int(11) DEFAULT NULL COMMENT '添加时间',
  `begins_time` int(11) NOT NULL COMMENT '课程开始时间',
  `end_time` int(11) NOT NULL COMMENT '课程结束时间',
  `courser_num` int(10) NOT NULL COMMENT '上课人数',
  `courser_img` varchar(255) NOT NULL COMMENT '课程相关图片',
  `courser_detail` text COMMENT '课程相关介绍',
  `courser_price` decimal(9,2) NOT NULL DEFAULT '0.00' COMMENT '课程全价格',
  `depoit_price` decimal(9,2) NOT NULL DEFAULT '0.00' COMMENT '课程定金',
  `video_url` varchar(128) NOT NULL COMMENT '课程视频地址',
  `buy_number` int(11) DEFAULT NULL COMMENT '购买人数',
  `is_publish` tinyint(11) NOT NULL DEFAULT '1' COMMENT '是否发布 1 是 2 否',
  `add_author` int(11) NOT NULL COMMENT '课程添加者',
  PRIMARY KEY (`id`)
) ENGINE=InnoDB AUTO_INCREMENT=6 DEFAULT CHARSET=utf8 COMMENT='课程';

/*Data for the table `fl_course` */

insert  into `fl_course`(`id`,`classify_id`,`teacher_id`,`courser_name`,`addtime`,`begins_time`,`end_time`,`courser_num`,`courser_img`,`courser_detail`,`courser_price`,`depoit_price`,`video_url`,`buy_number`,`is_publish`,`add_author`) values (1,1,1,'3日高端巧克力专项课程',1527591448,1527782400,1528560000,24,'courseImg/20180518/613fd6a27d615a1e24619636e3d46e6c.png','','5990.00','1990.00','20180529/ca45390d80230518a3b74fd2687694bb.mp4',8,1,1),(2,1,1,'13日法国甜点精品课程',1527591438,1527782400,1528560000,24,'courseImg/20180518/715e6ddff7ca024103f356a28faaa9dc.png','','16990.00','2990.00','20180529/79fe18f04b98489c488e72e0fe15398d.mp4',5,1,1),(3,1,1,'13日法国甜点高级课程',1527591425,1527782400,1528560000,24,'courseImg/20180518/f185e72a843bc0d00395c979831407f5.png','','16990.00','2990.00','20180529/575f40f88c6148499ed12f7ba5dcb96d.mp4',6,1,1),(4,1,1,'24天法点明星系统课程',1527591402,1527782400,1528560000,24,'courseImg/20180518/f8eba46f459f59c94d9da2bcdbe744ba.png','','32990.00','6990.00','20180529/3890779c1e8612d2502057330aee0b13.mp4',80,1,1),(5,2,1,'6日高端面包专项课程',1527591385,1527782400,1528560000,24,'courseImg/20180518/9cc2798d062117e131854880a974364c.png','','8990.00','1990.00','20180529/915b998311094c178068d17481edf9f3.mp4',6,1,1);

/*Table structure for table `fl_course_cate` */

DROP TABLE IF EXISTS `fl_course_cate`;

CREATE TABLE `fl_course_cate` (
  `id` int(11) NOT NULL AUTO_INCREMENT COMMENT '课程分类自增id',
  `classify_name` varchar(64) NOT NULL COMMENT '课程分类名称',
  `addtime` int(11) DEFAULT NULL COMMENT '添加时间',
  PRIMARY KEY (`id`)
) ENGINE=InnoDB AUTO_INCREMENT=3 DEFAULT CHARSET=utf8;

/*Data for the table `fl_course_cate` */

insert  into `fl_course_cate`(`id`,`classify_name`,`addtime`) values (1,'甜点课程',1525245527),(2,'面包课程',1525245542);

/*Table structure for table `fl_course_detail` */

DROP TABLE IF EXISTS `fl_course_detail`;

CREATE TABLE `fl_course_detail` (
  `id` int(11) NOT NULL AUTO_INCREMENT COMMENT '自增id',
  `detail_url` varchar(64) NOT NULL COMMENT '图片地址',
  `detail_cate_id` tinyint(2) NOT NULL DEFAULT '1' COMMENT '1课程详情 2常见问题 3入学须知',
  `course_id` int(11) NOT NULL COMMENT '课程id',
  `sort` int(11) DEFAULT NULL COMMENT '顺序编号',
  `addtime` int(11) DEFAULT NULL COMMENT '添加时间',
  PRIMARY KEY (`id`)
) ENGINE=MyISAM AUTO_INCREMENT=428 DEFAULT CHARSET=utf8;

/*Data for the table `fl_course_detail` */

insert  into `fl_course_detail`(`id`,`detail_url`,`detail_cate_id`,`course_id`,`sort`,`addtime`) values (26,'courseImg/20180518/66b2568982fa5dbaf381d9ab458a8631.png',1,4,26,1526628703),(25,'courseImg/20180518/d9a13f82a084db168bd96788d44a95ef.png',1,4,25,1526628435),(24,'courseImg/20180518/3282805c4726ecbf9efe1572e9e196f1.png',1,4,24,1526628435),(23,'courseImg/20180518/1b73f85f9390951d554de82a17582ac2.png',1,4,23,1526628435),(22,'courseImg/20180518/bd9617862885cdaaaf0f04b1d73310f1.png',1,4,22,1526628435),(21,'courseImg/20180518/29dd34052310034481d0a985c55a9d3a.png',1,4,21,1526628435),(16,'courseImg/20180518/8cf37b01e9c6acf1b5b7f41c854cac55.png',1,4,16,1526628435),(17,'courseImg/20180518/28a2dc11d14de49498261369b0ba0994.png',1,4,17,1526628435),(18,'courseImg/20180518/93e64794c16f405b18d4bde47ded99f2.png',1,4,18,1526628435),(19,'courseImg/20180518/5d856fdc452253c4725fbc95172aa58e.png',1,4,19,1526628435),(20,'courseImg/20180518/b483098809494ec343c4c20fe1da2303.png',1,4,20,1526628435),(27,'courseImg/20180518/7c4fcc354ca61684b057434b22459d48.png',1,4,27,1526628703),(28,'courseImg/20180518/bc0c6b900947ae5a597aa2fa8983ece9.png',1,4,28,1526628703),(29,'courseImg/20180518/0e33f28ace995b0c6b6a11a9a8f97c66.png',1,4,29,1526628703),(30,'courseImg/20180518/364b4ad716e4c5cac52e06ab42f3f29e.png',1,4,30,1526628703),(31,'courseImg/20180518/653f982374dd20a84dad31c270d9fc41.png',1,4,31,1526628703),(32,'courseImg/20180518/4ea483b03418901ddac1b45e5e70263b.png',1,4,32,1526628703),(33,'courseImg/20180518/cab364992084786d63ad6cc62484c96c.png',1,4,33,1526628703),(34,'courseImg/20180518/800c0f0a5069f8a5728bab10e1f0ad8d.png',1,4,34,1526628703),(35,'courseImg/20180518/425c1794163e85ee092f90eed32f2b26.png',1,4,35,1526628703),(36,'courseImg/20180518/1b492f9fa74f64b097dfebfe5b4bf3c2.png',1,4,36,1526628918),(37,'courseImg/20180518/340591bf3c08c2ea2a5a097b9ec9ae90.png',1,4,37,1526628918),(38,'courseImg/20180518/d9428bf94b0a13f051e7797949bbff1e.png',1,4,38,1526628918),(39,'courseImg/20180518/e1b987b18f746ccf5735aac460886b5b.png',1,4,39,1526628918),(40,'courseImg/20180518/069f2f24c81b25d4ab93fa38ddbc1d97.png',1,4,40,1526628918),(41,'courseImg/20180518/ee00829205a31fee0981002a7ac36945.png',1,4,41,1526628918),(42,'courseImg/20180518/33a09342dd9f7236393dbd619676e8ca.png',1,4,42,1526628918),(43,'courseImg/20180518/c643e937456d2b3b5b70e6f7fccf2269.png',1,4,43,1526630486),(44,'courseImg/20180518/dfc19c6fd79359e6ccee57da931417b6.png',1,4,44,1526630486),(45,'courseImg/20180518/f21c35c686bf979f63292f6d0a305f80.png',1,4,45,1526630486),(46,'courseImg/20180518/ae1dd7701705c43189d79b46a7a3d49d.png',1,4,46,1526630486),(47,'courseImg/20180518/5a014bf0377c1b96da3a2033e4a8848a.png',1,4,47,1526630486),(48,'courseImg/20180518/4f5cd4f9ec31dee31ffd846c0aa9104a.png',1,4,48,1526630486),(49,'courseImg/20180518/e1261dda9232ef22bbc8399c85a24087.png',1,4,49,1526630486),(50,'courseImg/20180518/b8ada1dd97a8e7cc0a579a89740565ba.png',1,4,50,1526630486),(51,'courseImg/20180518/fd408a534d434f93ea7c8650522eca3d.png',1,4,51,1526630486),(52,'courseImg/20180518/e3b821c28e3667abb758159ef5a11e21.png',1,4,52,1526630486),(53,'courseImg/20180518/b8551d7b9cac6bb0e98b890875860fd9.png',1,4,53,1526630800),(54,'courseImg/20180518/277fec54c7eafa664163b4d91ae8db50.png',1,4,54,1526630800),(55,'courseImg/20180518/93bbbe62737a1a992ed0e2461b85cf7e.png',1,4,55,1526630800),(56,'courseImg/20180518/1d3216dfaedbc45d9d7c199ad837717c.png',1,4,56,1526630800),(57,'courseImg/20180518/53ccd8fa0abbecd4f36384aae42ab9c7.png',1,4,57,1526630800),(58,'courseImg/20180518/e4880be5685adf2e739ba8a3b4d595c0.png',1,4,58,1526630800),(59,'courseImg/20180518/ad380bbb2d3b5cba9dd9acefa77176fc.png',1,4,59,1526630800),(60,'courseImg/20180518/45517291d8534c4bf5093e0f7e112032.png',1,4,60,1526630800),(61,'courseImg/20180518/cd3d5b6374cd24e6718c95fb8f60a906.png',1,4,61,1526630800),(62,'courseImg/20180518/241113471fbac76ba47561ecf4221f99.png',1,4,62,1526630800),(63,'courseImg/20180518/fb4eecb340453ea46053be820b3eacc5.png',1,4,63,1526630800),(64,'courseImg/20180518/bbc6f6e69694466046b5c3c3525e460c.png',1,4,64,1526631064),(65,'courseImg/20180518/f3a0e5ac792f6c034c57bfd28b6cf8a5.png',1,4,65,1526631064),(66,'courseImg/20180518/caf738cd3e5e17151d01ec2344a49320.png',1,4,66,1526631064),(67,'courseImg/20180518/a5f151d20d1bbebdea13dc54004d5e5b.png',1,4,67,1526631064),(68,'courseImg/20180518/9ea85e6fbdb4119974ae5eba6dba6bc2.png',1,4,68,1526631064),(69,'courseImg/20180518/40dbdff64fcee999e95cb496e3cad642.png',1,4,69,1526631064),(70,'courseImg/20180518/c41c19f1e885b2c8cef5eac1d58b93ec.png',1,4,70,1526631064),(71,'courseImg/20180518/e220104db1c2c5bcce021566e8bf4380.png',1,4,71,1526631064),(72,'courseImg/20180518/4d762e74c20d2398884c64f70b0f19d3.png',1,4,72,1526631064),(73,'courseImg/20180518/eef96dd2cd88ef19b97c9d6abf27c046.png',1,4,73,1526631064),(74,'courseImg/20180518/2e655e0bce511e2637f85a9a6c3e04a7.png',1,4,74,1526631064),(75,'courseImg/20180518/19f287a9048b3266fbf544ce0d520f63.png',1,4,75,1526631064),(76,'courseImg/20180518/f0fdcd2e69062647cddf4c0e56580cd5.png',1,4,76,1526631254),(77,'courseImg/20180518/433c1e1095c95b0ad57a7bf7e4d47276.png',1,4,77,1526631254),(78,'courseImg/20180518/c12a94292a8c90bc5faf89c0f0b24809.png',1,4,78,1526631254),(79,'courseImg/20180518/de6fa558e1d061e99c9924afb5c40683.png',1,4,79,1526631254),(80,'courseImg/20180518/3edb4d4e7faecc4e62eebd0d72636e2d.png',1,4,80,1526631254),(81,'courseImg/20180518/f953e8cfb221186f9802b9dc31e22b4b.png',1,4,81,1526631254),(82,'courseImg/20180518/2dec9b3f10362e8619d9226c50bf36a2.png',1,4,82,1526631254),(83,'courseImg/20180518/4b6eb504393e1e1152f4de178f982d86.png',1,4,83,1526631254),(84,'courseImg/20180518/cfbf173a0ffc2e3658e47bd6bc3a1f2d.png',1,4,84,1526631254),(85,'courseImg/20180524/ac5f8a9e8a2dac1c9bdecdfcd049c85a.png',1,3,85,1527123247),(86,'courseImg/20180524/612e2495b504e1c850beeea368f46a04.png',1,3,86,1527123247),(87,'courseImg/20180524/1ade9f7f468f53b6a182c8f0fee494cd.png',1,3,87,1527123247),(88,'courseImg/20180524/27aeb0ead268b4d26dda82ec2b829b40.png',1,3,88,1527123247),(89,'courseImg/20180524/d23214a9149b83dd10912e9c22e372dd.png',1,3,89,1527123247),(90,'courseImg/20180524/00a5cdb13f1ac68107201c4d5ddcb929.png',1,3,90,1527123247),(91,'courseImg/20180524/fe99b14bacd62f4e3e0c8003de42f503.png',1,3,91,1527123247),(92,'courseImg/20180524/4aaebcbfb711fa17cb73e409c9a277f7.png',1,3,92,1527123247),(93,'courseImg/20180524/3d0ab566c0517300d77410ddf0b9a3d2.png',1,3,93,1527123247),(94,'courseImg/20180524/a1d5bf6378069c635d3e655553cf16f3.png',1,3,94,1527123247),(95,'courseImg/20180524/bc6885e8f15f52df2debd001b5e85fba.png',1,3,95,1527123247),(96,'courseImg/20180524/2c6f10d609be539d38260fab73f5f563.png',1,3,96,1527123247),(97,'courseImg/20180524/f79b5a5dc0ab48081e54d819f5644008.png',1,3,97,1527123525),(98,'courseImg/20180524/1c6490e02302736a82cc1794d0c7ab45.png',1,3,98,1527123525),(99,'courseImg/20180524/7060ead20bc6690b99cf00fbf84dfc0f.png',1,3,99,1527123525),(100,'courseImg/20180524/a8cb4935041d0ebcdc1fbb61d160f7aa.png',1,3,100,1527123525),(101,'courseImg/20180524/6c611cec6ac5d045d3d981b9a0fb4b9e.png',1,3,101,1527123525),(102,'courseImg/20180524/c6b661b5c6f102282d91fac264aebc6b.png',1,3,102,1527123525),(103,'courseImg/20180524/926c889e974ac5f8cc536b3d998ceaa3.png',1,3,103,1527123525),(104,'courseImg/20180524/2fb65fa1c008fd373a4591aedc561127.png',1,3,104,1527123525),(105,'courseImg/20180524/f70b80862c3464aa99f52a4650e1b623.png',1,3,105,1527123525),(106,'courseImg/20180524/d1706986956de19732b1796a8d9c365d.png',1,3,106,1527123525),(107,'courseImg/20180524/2f74d2968f3ec7a6ffae83d6ed99eb69.png',1,3,107,1527123525),(108,'courseImg/20180524/4b7f48be631b6dba8306c41f1353c4fc.png',1,3,108,1527123525),(109,'courseImg/20180524/54e8d16d974ec527e805a111ed36a466.png',1,3,109,1527123525),(110,'courseImg/20180524/3ed300a6719964ec5cc1177a7c97823c.png',1,3,110,1527123525),(111,'courseImg/20180524/5bd4ec6b067a6f5d394d1f400e11f97a.png',1,3,111,1527123525),(112,'courseImg/20180524/7fe595889d4b2f5420cbd19090d14370.png',1,3,112,1527123666),(113,'courseImg/20180524/5ababbb8713cd679751694f984790938.png',1,3,113,1527123666),(114,'courseImg/20180524/aec30c8246dfb8012df4083e412f4fb2.png',1,2,114,1527123969),(115,'courseImg/20180524/c54ef095a90f81ce2d6dff86a7543948.png',1,2,115,1527123969),(116,'courseImg/20180524/00c3b042f4943779a80a1cdb99a4c023.png',1,2,116,1527123969),(117,'courseImg/20180524/99457abdb81750993860656776e47d9c.png',1,2,117,1527123969),(118,'courseImg/20180524/58ec82567f575d7649ca110c04448e80.png',1,2,118,1527123969),(119,'courseImg/20180524/917969a9f3e418f594c52dc0856e439e.png',1,2,119,1527123969),(120,'courseImg/20180524/19209658402de0fc2c34ecb34c0ae7c6.png',1,2,120,1527123969),(121,'courseImg/20180524/b99d4334d5243563de7e0fe7e2f24c4a.png',1,2,121,1527123969),(122,'courseImg/20180524/227ff75ef5f910cf58a486f6980f46b0.png',1,2,122,1527123969),(123,'courseImg/20180524/c67ae57ef24fbc4e18c15ed483ad1878.png',1,2,123,1527123969),(124,'courseImg/20180524/f30b3e7352fe152e04297219e05bc493.png',1,2,124,1527124238),(125,'courseImg/20180524/52e0857ab6d21324846bc9b0bb864eec.png',1,2,125,1527124238),(126,'courseImg/20180524/8d385c4b705f513f6aaa405d4a77e367.png',1,2,126,1527124238),(127,'courseImg/20180524/84b3ac2e6650b8a09041199d4a092de3.png',1,2,127,1527124238),(128,'courseImg/20180524/1228c518662a2f4b7ee1746bb13b96de.png',1,2,128,1527124238),(129,'courseImg/20180524/cefd88cfed3451e3c60e91d62cbd09d1.png',1,2,129,1527124238),(130,'courseImg/20180524/87d12ed03edca700cf897ae72aa4cdb8.png',1,2,130,1527124238),(131,'courseImg/20180524/e8b3b01991da306a49a64256b41fb8da.png',1,2,131,1527124238),(132,'courseImg/20180524/c203a3a1d9fa8a292e91ef03925b6376.png',1,2,132,1527124238),(133,'courseImg/20180524/28f9c877316112709cda9f5d793a52cb.png',1,2,133,1527124238),(134,'courseImg/20180524/8264c4136daea6cd313066b351581a94.png',1,2,134,1527124789),(135,'courseImg/20180524/3eb40540352d782c8c9cd5dcca6560fa.png',1,2,135,1527124789),(136,'courseImg/20180524/1c6fcdd86bb0ea718308d4e43705a847.png',1,2,136,1527124789),(137,'courseImg/20180524/ac677df6a414365f8fe05d4752bd9326.png',1,2,137,1527124789),(138,'courseImg/20180524/df0e1779cc80684e0239f1bb08204428.png',1,2,138,1527124789),(139,'courseImg/20180524/f4e82ac9011f169cc5d4cc93db4bd092.png',1,2,139,1527124789),(140,'courseImg/20180524/2ede4e2e586890a966a40ca07554d86d.png',1,2,140,1527124789),(141,'courseImg/20180524/664835a49fae7a0abad7372acad10279.png',1,2,141,1527124789),(142,'courseImg/20180524/b45ffc59e4a5d02247c0d67a35106c03.png',1,2,142,1527124789),(143,'courseImg/20180524/f2f2a23927503cc3b11de987e6ef23f2.png',1,2,143,1527124789),(144,'courseImg/20180524/e985c7c2152dfa2fa94c49271f812cba.png',1,2,144,1527124789),(145,'courseImg/20180524/37e537f6c258900fc54de897c60776f7.png',1,2,145,1527124789),(146,'courseImg/20180524/e32be72e003d2380568d9abe445ddc16.png',1,2,146,1527124789),(147,'courseImg/20180524/22db3c18f561cb238d734b685ab1b98a.png',1,2,147,1527124914),(148,'courseImg/20180524/82c19fe6d40bf0d8191a4668c7a208dc.png',1,2,148,1527124914),(149,'courseImg/20180524/a88aaa2be866d2c2f7023e66bd8fe46d.png',1,2,149,1527124914),(150,'courseImg/20180524/562c5dbf0a3fd9791ab2e1ac191c99bd.png',1,2,150,1527124914),(151,'courseImg/20180524/5e37edd6fa79b346bc542ff66575fdd5.png',1,2,151,1527124914),(152,'courseImg/20180524/3fdfe0594d919e292a300eebde0e9498.png',1,2,152,1527124914),(203,'courseImg/20180524/32b69eca2e28a543c4bb3dbf642ff9fb.png',1,1,203,1527127283),(202,'courseImg/20180524/66aee27efa256f1d3dd7baea9a70169d.png',1,5,202,1527127000),(201,'courseImg/20180524/f23a0f30629ff0b7b257a808e6dcfda5.png',1,5,201,1527127000),(200,'courseImg/20180524/fc98f473f55a673128cf6e3f0bf74dda.png',1,5,200,1527127000),(199,'courseImg/20180524/a86b3a6e6d9b6337fe82e074543c0e1c.png',1,5,199,1527127000),(198,'courseImg/20180524/563267fc17bf9428d1922fd40b8ae257.png',1,5,198,1527127000),(197,'courseImg/20180524/5e1fe8c1adcd044b4a45728974c8bfa0.png',1,5,197,1527127000),(196,'courseImg/20180524/058b25801e5b04810b7e3aaee141f28f.png',1,5,196,1527127000),(195,'courseImg/20180524/341b2812e190860638be8dc173e9f700.png',1,5,195,1527127000),(194,'courseImg/20180524/02630b6f43224eab4e1e973df3e3ea90.png',1,5,194,1527127000),(193,'courseImg/20180524/4824af5c8a4e7677c31e08a14781f909.png',1,5,193,1527127000),(192,'courseImg/20180524/9224c96efacebe10f207caff012fd9de.png',1,5,192,1527126756),(191,'courseImg/20180524/a7cb70da0e3ca3193ce9421685ed4d56.png',1,5,191,1527126756),(190,'courseImg/20180524/e91500b4ecd0344a6146c806c8e69956.png',1,5,190,1527126756),(189,'courseImg/20180524/ccfbf99ddbae9db0bffebded4986d390.png',1,5,189,1527126756),(188,'courseImg/20180524/e4de7c6d63da5cf9166983a102533f31.png',1,5,188,1527126756),(187,'courseImg/20180524/9adeaa7940034c15164bb792b4f3de59.png',1,5,187,1527126756),(186,'courseImg/20180524/157e4452f1af8ed14b163bc0f4ba6068.png',1,5,186,1527126756),(185,'courseImg/20180524/18ae57356c09bbb3721038e5ebbb036b.png',1,5,185,1527126756),(183,'courseImg/20180524/1f58f84d24403daec40c11c1fbf6962d.png',1,5,183,1527126756),(184,'courseImg/20180524/3e071c7a85e7e67fdfb7e5864a3c2f92.png',1,5,184,1527126756),(204,'courseImg/20180524/0b7250a7c32a558ff13ef5bf794cda4b.png',1,1,204,1527127283),(205,'courseImg/20180524/cbb8a15f8d74074a852379401a9f5e72.png',1,1,205,1527127283),(206,'courseImg/20180524/eb3d8d4aa3d86bb04a26f99427e7b85c.png',1,1,206,1527127283),(207,'courseImg/20180524/60ae07b6cffea79f7346737809a53fb5.png',1,1,207,1527127283),(208,'courseImg/20180524/b08b48ada8af1c30a70357d93120728a.png',1,1,208,1527127283),(209,'courseImg/20180524/4dc9bad218a003ab45174c9c2c4fbf8c.png',1,1,209,1527127283),(210,'courseImg/20180524/4fa799eab40edefc0486e5999e1da1d0.png',1,1,210,1527127283),(211,'courseImg/20180524/26d261f162450f059db7600929cd77cb.png',1,1,211,1527127283),(212,'courseImg/20180524/c19794e1af261ad6ba0756e058057c90.png',1,1,212,1527127283),(213,'courseImg/20180524/63afac44607c4f7fec7739a2ffe11559.png',1,1,213,1527128416),(214,'courseImg/20180524/8dc04a4683a11d5eaa87df8adafb516d.png',1,1,214,1527128416),(215,'courseImg/20180524/ac2aff846aff7fa29f6f365115aa09bf.png',1,1,215,1527128416),(216,'courseImg/20180524/c5fc70ac2abc8f5c30d67cd5009eadb2.png',1,1,216,1527128416),(217,'courseImg/20180524/be5a9ae876d66605444702931d07d07d.png',1,1,217,1527128416),(218,'courseImg/20180524/0180f845fc5c8e072cfd3e9c5520eecb.png',1,1,218,1527128416),(219,'courseImg/20180524/0607c5b3c87d4380bc9db9d5bb1b4cf2.png',1,1,219,1527128416),(220,'courseImg/20180524/6711967b2fe189e127335a5d9b2cde0b.png',1,1,220,1527128416),(221,'courseImg/20180524/4d958494c276b1749e8a7adc9143bb58.png',1,1,221,1527128416),(222,'courseImg/20180524/74264a85506039009e64733bba92312b.png',1,1,222,1527128416),(223,'courseImg/20180524/5a379cad31166d27758a2fdef10a3261.png',1,1,223,1527142541),(224,'courseImg/20180524/0bb6b8474acae5d5f2b1c1721aad1e00.png',1,1,224,1527142541),(225,'courseImg/20180524/ae29580ff94f0c905217b3e6e9c81879.png',1,1,225,1527142541),(226,'courseImg/20180524/4d79d0a61395eb14a3bf8eef32a3599f.png',1,1,226,1527142541),(265,'courseImg/20180524/5746c0e24d83f88464545033a29c26ff.png',3,4,265,1527153435),(264,'courseImg/20180524/23d9c33c99174d42322fbfcceec33ce3.png',3,4,264,1527153435),(263,'courseImg/20180524/12314d6bc74bc8bfeada782288692914.png',3,4,263,1527153435),(262,'courseImg/20180524/55cb00b4530357382227ad33d1f4b07d.png',3,4,262,1527153435),(261,'courseImg/20180524/008e65a422a81a36e0307710be836418.png',3,4,261,1527153435),(260,'courseImg/20180524/60eaab36a757f4ca11a6d849ba401de8.png',3,4,260,1527153435),(259,'courseImg/20180524/19df48d9393c9d6540662f2e6fdf7504.png',3,4,259,1527153435),(258,'courseImg/20180524/f82f3fa012e3e365c00034d26fd5f069.png',3,4,258,1527153435),(257,'courseImg/20180524/e60181f2a22ded960a386a513f0c94a2.png',3,4,257,1527153095),(256,'courseImg/20180524/f8c56e71ac685a5f1a7846cc2fc3adc5.png',3,4,256,1527153095),(255,'courseImg/20180524/fb9a5c959df768d5923bc3111151637b.png',3,4,255,1527153095),(254,'courseImg/20180524/74b24a06bd10afde2b36db1b2a1f2965.png',3,4,254,1527153095),(253,'courseImg/20180524/a87b245a355c9c3c7db2abec5e58edff.png',3,4,253,1527153095),(252,'courseImg/20180524/971b37d22da9fc454366e136b140fb4f.png',3,4,252,1527153095),(251,'courseImg/20180524/13e4bd4267fe1af6877bee3dafb63348.png',3,4,251,1527153095),(250,'courseImg/20180524/2099fabe8f3b53212960c3ef933ba1ee.png',3,4,250,1527153095),(249,'courseImg/20180524/9e96dfa9b867da78b8e9571ebeb8f47c.jpg',3,4,249,1527153095),(248,'courseImg/20180524/a86f5a887bd8072b86c2c440aa4f9039.jpg',3,4,248,1527153095),(247,'courseImg/20180524/b1d88271831ffdcf216b1d73e32864b4.jpg',3,4,247,1527153095),(246,'courseImg/20180524/c2aa90ccdcee1ddc012c5efb55e637ef.jpg',3,4,246,1527153095),(266,'courseImg/20180524/84c48361b0d0f2ffa560405e152412a7.png',3,4,266,1527153435),(267,'courseImg/20180524/cf3ca927346f721544a5cada1f4c586f.png',3,4,267,1527153435),(268,'courseImg/20180524/56510d616c9e75900f6e47f74e06ea78.png',3,4,268,1527153435),(269,'courseImg/20180524/107189a65947594e88d1a80a96582595.jpg',3,4,269,1527153799),(270,'courseImg/20180524/548fc62868f89a9de78ffd86b77dfe9f.jpg',3,4,270,1527153799),(271,'courseImg/20180524/8115a57ed8d08ecfa8f528f7bff483be.jpg',3,4,271,1527153799),(272,'courseImg/20180524/8abf98b595bdae393b8842cff48573f7.jpg',3,4,272,1527153799),(273,'courseImg/20180524/8a1d7abbdffaec31cc36987297fb16d8.jpg',3,4,273,1527153799),(274,'courseImg/20180524/d8dea8cbd97623cae4d7c89c95fae0c4.jpg',3,4,274,1527153799),(275,'courseImg/20180524/a4531907ebf47e1d1dd8690e54ea6f57.jpg',3,4,275,1527153799),(276,'courseImg/20180524/2e7eaed7e1942059c57a1396434e5eb8.jpg',3,4,276,1527153799),(277,'courseImg/20180524/f81186e649c7ee7ef2e20800e96727e9.jpg',3,5,277,1527154430),(278,'courseImg/20180524/54532e3cd9b108eee6841bb9da72ba64.jpg',3,5,278,1527154430),(279,'courseImg/20180524/0b1362c9fdcd37c0e72d733c34bd538c.jpg',3,5,279,1527154430),(280,'courseImg/20180524/f32c3a16d28aa9f28331623e34cebb55.jpg',3,5,280,1527154430),(281,'courseImg/20180524/61e3223892efc26e052da131990342da.png',3,5,281,1527154430),(282,'courseImg/20180524/e503f2c8739277365993183d6d3ad92e.png',3,5,282,1527154430),(283,'courseImg/20180524/b6c473c4fc5bf0bf3faf07e3872405d9.png',3,5,283,1527154430),(284,'courseImg/20180524/eec7b0d48fa7f2b2cdcf39706cabd8a9.png',3,5,284,1527154430),(285,'courseImg/20180524/63967590f514d3f4c1a525d5c2dd697b.png',3,5,285,1527154430),(286,'courseImg/20180524/d0bf6525f9f62a6753137f0a5e214765.png',3,5,286,1527154430),(287,'courseImg/20180524/353f382d697428150e047103f8ecd39b.png',3,5,287,1527154430),(288,'courseImg/20180524/b08731f69e1264fbbf86d95490770c3e.png',3,5,288,1527154430),(289,'courseImg/20180524/9729031662fd31ca302aa99749514d5a.png',3,5,289,1527154668),(290,'courseImg/20180524/98575becced79f22d8562fa451a7eaf6.png',3,5,290,1527154668),(291,'courseImg/20180524/89b4008fcbd5061b10efa280bdd67f99.png',3,5,291,1527154668),(292,'courseImg/20180524/65ab0822dd2cdfc4f9f5f7ba6b588238.png',3,5,292,1527154668),(293,'courseImg/20180524/3938d1e5c8949c4acae3575761657efb.png',3,5,293,1527154668),(294,'courseImg/20180524/d71dda3e38aa5af44519dde7f0ac43be.png',3,5,294,1527154668),(295,'courseImg/20180524/f3f8263ae92a9e454f780b12b6779030.png',3,5,295,1527154668),(296,'courseImg/20180524/a3b065e8e22c24052909cf8a9807f6cf.png',3,5,296,1527154668),(297,'courseImg/20180524/0fcc00b9043019b4a632a304bbc977a0.png',3,5,297,1527154668),(298,'courseImg/20180524/7f046a1350f49f339cb899898aab3199.png',3,5,298,1527154668),(299,'courseImg/20180524/e383aa192364d51ac897d00b9e11257b.png',3,5,299,1527154668),(300,'courseImg/20180524/b029f8160fe4e3b70572b84bfe7d21db.jpg',3,5,300,1527154668),(301,'courseImg/20180524/c459ee2db24cfb129fc1c855f272eddb.jpg',3,5,301,1527154793),(302,'courseImg/20180524/d2dda8e164b8f0dc0bff45bd41508852.jpg',3,5,302,1527154793),(303,'courseImg/20180524/cb4706b8d2f2b65dde2fe77a0bb1c854.jpg',3,5,303,1527154793),(304,'courseImg/20180524/d4580af4bb1d870edacc2bfb60126816.jpg',3,5,304,1527154793),(305,'courseImg/20180524/76a63bd6ca3aed11ffdc222442aa223a.jpg',3,5,305,1527154793),(306,'courseImg/20180524/6f6e6f336bec902407849561ccb23a5c.jpg',3,5,306,1527154793),(307,'courseImg/20180524/184d6eddd2cb27435a9e77aed2c84def.jpg',3,5,307,1527154793),(308,'courseImg/20180524/3233e6730aa0ca3ffc3458dc0cb16356.jpg',3,3,308,1527155332),(309,'courseImg/20180524/498e726923019474cd4129a09889175c.jpg',3,3,309,1527155332),(310,'courseImg/20180524/5c50e6911c612a65d06e950d350e51b6.jpg',3,3,310,1527155332),(311,'courseImg/20180524/bf622de1f23134f7eb6d8ad83c822595.jpg',3,3,311,1527155332),(312,'courseImg/20180524/b8da2f880dcdf68356dac304b3589ae5.png',3,3,312,1527155332),(313,'courseImg/20180524/afde76cf0b794539c5ae0bced0b660f8.png',3,3,313,1527155332),(314,'courseImg/20180524/62ad78940385251d8955e3fce6435e30.png',3,3,314,1527155332),(315,'courseImg/20180524/23e58e4541f29d321cac20ef4717cd52.png',3,3,315,1527155332),(316,'courseImg/20180524/41355c32d8b01f9792f1d9715a522ae3.png',3,3,316,1527155332),(317,'courseImg/20180524/11685894e01469e84ea86e32174132c8.png',3,3,317,1527155332),(318,'courseImg/20180524/96111421287667f96e605b0f23331b08.png',3,3,318,1527155934),(319,'courseImg/20180524/bc064e4c528b665becb81f6266282a57.png',3,3,319,1527155934),(320,'courseImg/20180524/26437a2554c44f7af015066bed3aba49.png',3,3,320,1527155934),(321,'courseImg/20180524/c5e824e909585cdabdee6e98fab07b33.png',3,3,321,1527155934),(322,'courseImg/20180524/32c0edcfa936c0a182d105c0da84a962.png',3,3,322,1527155934),(323,'courseImg/20180524/2ba53c32629aef60150c2c43b67b9882.png',3,3,323,1527155934),(324,'courseImg/20180524/e69979cefd352dd8433a384b226f789e.png',3,3,324,1527155934),(325,'courseImg/20180524/f2a82ef94431b8bd8f17789fd40748b9.png',3,3,325,1527155934),(326,'courseImg/20180524/629a9b689ac2d8830ab76021e211b129.png',3,3,326,1527155934),(327,'courseImg/20180524/230bd9c7a1b0f62415901fe5150c7b81.png',3,3,327,1527155934),(328,'courseImg/20180524/efbd20bec5e388bff790c4472f07df04.png',3,3,328,1527156296),(329,'courseImg/20180524/2de26dc208e55d46fac3870c3a00bf1c.png',3,3,329,1527156296),(330,'courseImg/20180524/79f29db97ebee41d20aa5c830ca371e0.png',3,3,330,1527156296),(331,'courseImg/20180524/d34bdb87f22cfffbcc4ee484e07e722e.jpg',3,3,331,1527156296),(332,'courseImg/20180524/83dbf11c23136e343429221a42e3814d.jpg',3,3,332,1527156296),(333,'courseImg/20180524/c18b893a778196859214d50ad58dd0fe.jpg',3,3,333,1527156296),(334,'courseImg/20180524/bfaaa4a06d00505a24f8b337856d32ef.jpg',3,3,334,1527156296),(335,'courseImg/20180524/05b8595ac715ca8b13bf8d5f45c06d7a.jpg',3,3,335,1527156296),(336,'courseImg/20180524/d25450ca5c5029c9581534e0bdbacc23.jpg',3,3,336,1527156296),(337,'courseImg/20180524/b62f3f98567b327a74de07a7fc23fdd8.jpg',3,3,337,1527156296),(338,'courseImg/20180524/db4dc3b2726db05bd275d2704d65db9c.jpg',3,3,338,1527156296),(339,'courseImg/20180524/e03902ca3d6b3a9d5329dfbae271323a.jpg',3,2,339,1527156442),(340,'courseImg/20180524/8bd813008be88389efa04127083fde85.jpg',3,2,340,1527156442),(341,'courseImg/20180524/11917be98b19386023c13b55d6c94ad2.jpg',3,2,341,1527156442),(342,'courseImg/20180524/5c7a13a5f7f2a690e185fa2778e8bb6e.jpg',3,2,342,1527156442),(343,'courseImg/20180524/aaeac92a6b30bc605e0adb057bce92a5.png',3,2,343,1527156442),(344,'courseImg/20180524/e6742ee561d6c64bff9c5fb83523ff51.png',3,2,344,1527156442),(345,'courseImg/20180524/7f0b33ba7151956f4b5052a1c7f1827d.png',3,2,345,1527156442),(346,'courseImg/20180524/3789efe61fbc69e717f9ff51f95d7ea7.png',3,2,346,1527156442),(347,'courseImg/20180524/1909815b29b935098d080e52f56b7933.png',3,2,347,1527156442),(348,'courseImg/20180524/16256ddbb0ef4a72894a41398c6e0e16.png',3,2,348,1527156442),(349,'courseImg/20180524/4bd68280341a3204d1f4346f4785337f.png',3,2,349,1527156591),(350,'courseImg/20180524/c0f9a135e9d2ed6d9e540c0f8bb9bd8f.png',3,2,350,1527156591),(351,'courseImg/20180524/5bb3dfc7ef7759f83590726c48ae316c.png',3,2,351,1527156591),(352,'courseImg/20180524/44db206c3eb6c75224b4798af5f3aa8f.png',3,2,352,1527156591),(353,'courseImg/20180524/1abe1e0eb7847eb2517f760bb3311038.png',3,2,353,1527156591),(354,'courseImg/20180524/b809827bafcd20395284d00bfccd59fe.png',3,2,354,1527156591),(355,'courseImg/20180524/b265b3dbca3b04ff316345402a8391de.png',3,2,355,1527156591),(356,'courseImg/20180524/a24e0001d0305888fea39700bbefe314.png',3,2,356,1527156591),(357,'courseImg/20180524/db680171d74286ad8c32cdd78cfc2c51.png',3,2,357,1527156591),(358,'courseImg/20180524/38bdb8ae2b4b8a171de9506dec63fedd.png',3,2,358,1527156591),(359,'courseImg/20180524/0ec3fe0bfab50c99314deeb98daddbdd.png',3,2,359,1527156690),(360,'courseImg/20180524/a0c20a0ad354e986e8cadcd09046031b.png',3,2,360,1527156691),(361,'courseImg/20180524/24ad11d215b45d64b9881718ac55b729.png',3,2,361,1527156691),(362,'courseImg/20180524/de820a99e164789fec0cd44d834e92ba.jpg',3,2,362,1527156691),(363,'courseImg/20180524/89faadc00391087b8ad645bc2d9655d8.jpg',3,2,363,1527156691),(364,'courseImg/20180524/e096d8128b5118080cdefcdd21c12981.jpg',3,2,364,1527156691),(365,'courseImg/20180524/c7b7f4adde638962de5fa702d022d9b3.jpg',3,2,365,1527156691),(366,'courseImg/20180524/fc17878fe442f5b62a4e760b99b7c2b7.jpg',3,2,366,1527156691),(367,'courseImg/20180524/7ed097cd9eed079de56b8024baf280cf.jpg',3,2,367,1527156691),(368,'courseImg/20180524/f425fab8b2ea3ecad8c246ef0cdf8567.jpg',3,2,368,1527156691),(369,'courseImg/20180524/1cb78b2aec0667711a8662c1920f5fad.jpg',3,2,369,1527156691),(370,'courseImg/20180524/1a3afb0878a12ae2511e56ba134bf706.jpg',3,1,370,1527156992),(371,'courseImg/20180524/8dcf181c9f953af40aec8ec7e2f74c60.jpg',3,1,371,1527156992),(372,'courseImg/20180524/b40b5c10e15b085cf7d731922daad2c0.jpg',3,1,372,1527156992),(373,'courseImg/20180524/1e4346583e56753cef23407ea0c8ca30.jpg',3,1,373,1527156992),(374,'courseImg/20180524/67a7102f5e463a2d4b6b121d82ce2460.png',3,1,374,1527156992),(375,'courseImg/20180524/613a09282b51daa67ad6ddc42c61f8d7.png',3,1,375,1527156992),(376,'courseImg/20180524/4006f42492d86410258d65041d166ab4.png',3,1,376,1527156992),(377,'courseImg/20180524/b1d12f2f1ba60e71f10bc046d4362cde.png',3,1,377,1527156992),(378,'courseImg/20180524/67543667f3011dbce278d5f6f0cc961a.png',3,1,378,1527156992),(379,'courseImg/20180524/e46096d9a2a608e2a9aa8e250d344a6c.png',3,1,379,1527156992),(380,'courseImg/20180524/ff73fd6d8db1b1fd3e43c67422406045.png',3,1,380,1527157255),(381,'courseImg/20180524/db40787bbe28d7966d999b895d3c99b9.png',3,1,381,1527157255),(382,'courseImg/20180524/fd123663b7fcb46fa9174b7efb21250e.png',3,1,382,1527157255),(383,'courseImg/20180524/02ada3588531b87232dae67e9f0dab99.png',3,1,383,1527157255),(384,'courseImg/20180524/cfddd800014024aee4e179373a215c78.png',3,1,384,1527157255),(385,'courseImg/20180524/2ef801c7272fd074ef7ff1ac6aa6d02b.png',3,1,385,1527157255),(386,'courseImg/20180524/7b67c3a058cf246d3b36559290e9f57b.png',3,1,386,1527157255),(387,'courseImg/20180524/4bbd8023ac1acb70b1526ce5b4102faa.png',3,1,387,1527157255),(388,'courseImg/20180524/08b5e92132f707867c16d1cfaaae7aac.png',3,1,388,1527157255),(389,'courseImg/20180524/42deebd1d65f317bdeb7a42dc9f32d00.png',3,1,389,1527157255),(390,'courseImg/20180524/85a71e444c9db508c19750ca2789d23a.png',3,1,390,1527157502),(391,'courseImg/20180524/c7f2852f18bb2372bbd00031b45893c1.png',3,1,391,1527157502),(392,'courseImg/20180524/be2146e6f6bcd366b98a6a3461f111b7.png',3,1,392,1527157502),(393,'courseImg/20180524/3f19660749e222641f3c4bee3489706e.jpg',3,1,393,1527157502),(394,'courseImg/20180524/dfe4cca1b70c391dd89a2e17946f2e51.jpg',3,1,394,1527157502),(395,'courseImg/20180524/2d4a221882e0d7b6122c25811279ef8e.jpg',3,1,395,1527157502),(396,'courseImg/20180524/cbf96a6f3bedbec1645b9e8b39b96756.jpg',3,1,396,1527157502),(397,'courseImg/20180524/544f8959f2d5b8620f2dd0f713692a36.jpg',3,1,397,1527157502),(398,'courseImg/20180524/702dd7ed5055f47312f1fcb9d0cb24ee.jpg',3,1,398,1527157502),(399,'courseImg/20180524/7c2161ba1ebc4dbdaf57458f3eb094db.jpg',3,1,399,1527157502),(400,'courseImg/20180524/9908d82079198ee949caa5061937b168.jpg',3,1,400,1527157502),(413,'courseImg/20180525/d75e61be89e33fa3d93487e550940fc1.png',2,5,413,1527246846),(414,'courseImg/20180525/2e45568d9769edcaded77d4898fb44c8.png',2,5,414,1527246846),(417,'courseImg/20180525/a8591b50b268552b8ef2577e477c4904.png',2,4,417,1527246884),(416,'courseImg/20180525/005625a3d2e72fc09a438c25d87c6308.png',2,4,416,1527246884),(420,'courseImg/20180525/c65a396c496a9979b0f9035924641df1.png',2,3,420,1527246921),(419,'courseImg/20180525/5d9866871edb057e3ad00cf1c1cc5999.png',2,3,419,1527246921),(423,'courseImg/20180525/457e1332408926024e8de3bcacf19005.png',2,2,423,1527246960),(422,'courseImg/20180525/f1b868065233ba2e8aee79b57ec5e44b.png',2,2,422,1527246960),(426,'courseImg/20180525/514f077e86e5f54a39a50bdf9bf10e93.png',2,1,426,1527247000),(425,'courseImg/20180525/bce6032778159efe5f4066bc71af3aed.png',2,1,425,1527247000),(415,'courseImg/20180525/34fbbfcf23abef8c5cf37c4347ab82ed.png',2,5,415,1527246846),(418,'courseImg/20180525/79ae308e16b1d85aa5c70b1d62ce8400.png',2,4,418,1527246884),(421,'courseImg/20180525/b920679d817710f68d2378072447bd12.png',2,3,421,1527246921),(424,'courseImg/20180525/8c43a92fa578b979e880f41428eef731.png',2,2,424,1527246960),(427,'courseImg/20180525/89334c8d6edaf1df7f31fda698a85cc7.png',2,1,427,1527247000);

/*Table structure for table `fl_course_time` */

DROP TABLE IF EXISTS `fl_course_time`;

CREATE TABLE `fl_course_time` (
  `id` int(11) NOT NULL AUTO_INCREMENT COMMENT '自增id',
  `course_id` int(11) NOT NULL COMMENT '课程id',
  `begin_time` date NOT NULL COMMENT '课程开始时间',
  `end_time` date NOT NULL COMMENT '课程结束时间',
  `addtime` int(11) DEFAULT NULL COMMENT '添加时间',
  `is_game_over` tinyint(1) DEFAULT '0' COMMENT '是否结束 0没结束 1已结束',
  PRIMARY KEY (`id`)
) ENGINE=MyISAM AUTO_INCREMENT=2 DEFAULT CHARSET=utf8 COMMENT='课程时间安排';

/*Data for the table `fl_course_time` */

insert  into `fl_course_time`(`id`,`course_id`,`begin_time`,`end_time`,`addtime`,`is_game_over`) values (1,5,'2018-05-24','2018-06-02',1527157214,0);

/*Table structure for table `fl_info` */

DROP TABLE IF EXISTS `fl_info`;

CREATE TABLE `fl_info` (
  `id` int(11) NOT NULL AUTO_INCREMENT COMMENT '自增资讯id',
  `info_name` varchar(32) NOT NULL COMMENT '资讯标题',
  `info_img` varchar(64) DEFAULT NULL COMMENT '资讯图片',
  `info_time` int(11) DEFAULT NULL COMMENT '添加时间',
  `info_detail` text NOT NULL COMMENT '资讯相关描述',
  `info_cate` int(11) NOT NULL COMMENT '资讯分类id',
  `info_author` int(11) NOT NULL DEFAULT '1' COMMENT '资讯编辑者',
  `is_show` tinyint(2) NOT NULL DEFAULT '1' COMMENT '是否显示 1是 2 否',
  PRIMARY KEY (`id`)
) ENGINE=MyISAM AUTO_INCREMENT=8 DEFAULT CHARSET=utf8;

/*Data for the table `fl_info` */

insert  into `fl_info`(`id`,`info_name`,`info_img`,`info_time`,`info_detail`,`info_cate`,`info_author`,`is_show`) values (1,'关于我们','InfoImg/20180511/0e231ba4666f9fa2af939d0f78445f95.jpg',1526022254,'<p><span style=\"color: #000000;\">深圳市弗洛高等法式厨艺学校(ECFF)是中国最知名的法式甜点培训学校之一，也是我国第一所获得政府批准，冠名高等法式甜点的具有合法正规教学资质的培训学校，以及政府授权的高技能人才培育基地。</span></p><p><span style=\"color: #000000;\">学校成立于2014年初，至今已有数千名专业甜点从业者与爱好者在此参与不同课程，并找到了创业、生活的新方向。国内最早提出并设立“法点精品”与另外多种“法点专项”系列课程，课程编排科学，风格鲜明，辨识度高，在业内拥有很高的辨识度与知名度，已经成为许多同行参考的标杆。</span></p><p><br/></p>',1,1,1),(2,'about1','InfoImg/20180511/1db0014d669100aebf831ef3cf51fd0f.jpg',1526022305,'',1,1,1),(3,'about3','InfoImg/20180511/124e40171f95d543ebad5b60b97a0d10.jpg',1526022317,'',1,1,1),(4,'about4','InfoImg/20180511/6c10cc2d2c21184af613484d4aa46fd6.jpg',1526022331,'',1,1,1),(5,'about5','InfoImg/20180511/49d1e883fb830b3453e1f5ae128b3f44.jpg',1526022344,'',1,1,1),(6,'about6','InfoImg/20180511/5c8907f8367052f2139c4f1948b29270.jpg',1526022355,'',1,1,1),(7,'about7','InfoImg/20180511/278771f12da775900b0fef771d903615.jpg',1526022364,'',1,1,1);

/*Table structure for table `fl_info_cate` */

DROP TABLE IF EXISTS `fl_info_cate`;

CREATE TABLE `fl_info_cate` (
  `id` int(11) NOT NULL AUTO_INCREMENT COMMENT '资讯分类自增id',
  `cate_name` varchar(32) NOT NULL COMMENT '资讯分类名称',
  `cate_time` int(11) DEFAULT NULL COMMENT '添加时间',
  `cate_detail` varchar(128) DEFAULT NULL COMMENT '资讯分类描述',
  PRIMARY KEY (`id`)
) ENGINE=MyISAM AUTO_INCREMENT=2 DEFAULT CHARSET=utf8;

/*Data for the table `fl_info_cate` */

insert  into `fl_info_cate`(`id`,`cate_name`,`cate_time`,`cate_detail`) values (1,'关于我们',1525931492,'小程序个人中心关于我， ');

/*Table structure for table `fl_inform_sms` */

DROP TABLE IF EXISTS `fl_inform_sms`;

CREATE TABLE `fl_inform_sms` (
  `id` int(11) NOT NULL AUTO_INCREMENT,
  `phone` varchar(11) NOT NULL,
  `course_name` varchar(16) NOT NULL COMMENT '通知的课程',
  `begin_time` datetime NOT NULL COMMENT '开课时间',
  `end_time` datetime NOT NULL COMMENT '终止时间',
  `smstime` datetime NOT NULL COMMENT '添加时间',
  `sms_author` int(11) NOT NULL COMMENT '操作者',
  `is_status` varchar(64) NOT NULL COMMENT '发送短信状态',
  PRIMARY KEY (`id`)
) ENGINE=MyISAM AUTO_INCREMENT=21 DEFAULT CHARSET=utf8 COMMENT='短信通知学员上课信息';

/*Data for the table `fl_inform_sms` */

insert  into `fl_inform_sms`(`id`,`phone`,`course_name`,`begin_time`,`end_time`,`smstime`,`sms_author`,`is_status`) values (1,'15820287091','(课程通知测试)','2018-05-09 00:00:00','2018-05-25 00:00:00','2018-05-15 14:17:11',1,'ok'),(2,'18776150685','(课程通知测试)','2018-05-09 00:00:00','2018-05-25 00:00:00','2018-05-15 14:17:11',1,'ok'),(3,'13430214945','(课程通知测试)','2018-05-09 00:00:00','2018-05-25 00:00:00','2018-05-15 14:17:11',1,'ok'),(4,'15625430359','(课程通知测试)','2018-05-09 00:00:00','2018-05-25 00:00:00','2018-05-15 14:17:11',1,'ok'),(5,'13714756996','(课程通知测试)','2018-05-09 00:00:00','2018-05-25 00:00:00','2018-05-15 14:17:11',1,'ok'),(6,'13670281566','(课程通知测试)','2018-05-09 00:00:00','2018-05-25 00:00:00','2018-05-15 14:17:11',1,'ok'),(7,'18682038067','(课程通知测试)','2018-05-09 00:00:00','2018-05-25 00:00:00','2018-05-15 14:17:11',1,'ok'),(8,'18219440603','(课程通知测试)','2018-05-09 00:00:00','2018-05-25 00:00:00','2018-05-15 14:17:12',1,'ok'),(9,'18566294007','(课程通知测试)','2018-05-09 00:00:00','2018-05-25 00:00:00','2018-05-15 14:17:12',1,'ok'),(10,'15692423389','(课程通知测试)','2018-05-09 00:00:00','2018-05-25 00:00:00','2018-05-15 14:17:12',1,'ok'),(11,'13246705109','(课程通知测试)','2018-05-09 00:00:00','2018-05-25 00:00:00','2018-05-15 14:17:12',1,'ok'),(12,'18929368770','(课程通知测试)','2018-05-09 00:00:00','2018-05-25 00:00:00','2018-05-15 14:17:12',1,'ok'),(13,'18929381812','(课程通知测试)','2018-05-09 00:00:00','2018-05-25 00:00:00','2018-05-15 14:17:12',1,'ok'),(14,'18672771812','(课程通知测试)','2018-05-09 00:00:00','2018-05-25 00:00:00','2018-05-15 14:17:12',1,'ok'),(15,'19925461812','(课程通知测试)','2018-05-09 00:00:00','2018-05-25 00:00:00','2018-05-15 14:17:12',1,'ok'),(16,'13824318218','(课程通知测试)','2018-05-09 00:00:00','2018-05-25 00:00:00','2018-05-15 14:17:12',1,'ok'),(17,'18589033898','(课程通知测试)','2018-05-09 00:00:00','2018-05-25 00:00:00','2018-05-15 14:17:12',1,'ok'),(18,'18225494871','(课程通知测试)','2018-05-09 00:00:00','2018-05-25 00:00:00','2018-05-15 14:17:12',1,'ok'),(19,'18682083871','(课程通知测试)','2018-05-09 00:00:00','2018-05-25 00:00:00','2018-05-15 14:17:12',1,'ok'),(20,'17688978080','(课程通知测试)','2018-05-09 00:00:00','2018-05-25 00:00:00','2018-05-15 14:17:13',1,'ok');

/*Table structure for table `fl_inventory_unit` */

DROP TABLE IF EXISTS `fl_inventory_unit`;

CREATE TABLE `fl_inventory_unit` (
  `id` int(11) NOT NULL AUTO_INCREMENT COMMENT '单位id',
  `unit_name` varchar(11) NOT NULL COMMENT '单位名称',
  PRIMARY KEY (`id`)
) ENGINE=MyISAM AUTO_INCREMENT=8 DEFAULT CHARSET=utf8;

/*Data for the table `fl_inventory_unit` */

insert  into `fl_inventory_unit`(`id`,`unit_name`) values (1,'g/mL'),(2,'kg/L'),(3,'个'),(4,'根'),(5,'颗'),(6,''),(7,'');

/*Table structure for table `fl_like_question` */

DROP TABLE IF EXISTS `fl_like_question`;

CREATE TABLE `fl_like_question` (
  `id` int(11) NOT NULL AUTO_INCREMENT COMMENT '点赞表自增id',
  `uid` int(11) NOT NULL COMMENT '点赞用户id',
  `question_id` int(11) NOT NULL COMMENT '点赞问题id',
  `like_time` int(11) NOT NULL COMMENT '点赞时间',
  PRIMARY KEY (`id`)
) ENGINE=MyISAM AUTO_INCREMENT=11 DEFAULT CHARSET=utf8 COMMENT='用户点赞问题表';

/*Data for the table `fl_like_question` */

insert  into `fl_like_question`(`id`,`uid`,`question_id`,`like_time`) values (1,2,2,1525958181),(2,4,6,1526002995),(3,3,2,1526020805),(4,8,2,1526088669),(5,2,14,1526274153),(6,11,23,1527064148),(7,2,1,1527225545),(8,253,1,1527254902),(9,253,6,1527320951),(10,429,7,1528175809);

/*Table structure for table `fl_node` */

DROP TABLE IF EXISTS `fl_node`;

CREATE TABLE `fl_node` (
  `id` int(11) NOT NULL AUTO_INCREMENT,
  `node_name` varchar(155) NOT NULL DEFAULT '' COMMENT '节点名称',
  `control_name` varchar(155) NOT NULL DEFAULT '' COMMENT '控制器名',
  `action_name` varchar(155) NOT NULL COMMENT '方法名',
  `is_menu` tinyint(1) NOT NULL DEFAULT '1' COMMENT '是否是菜单项 1不是 2是',
  `type_id` int(11) NOT NULL COMMENT '父级节点id',
  `style` varchar(155) DEFAULT '' COMMENT '菜单样式',
  PRIMARY KEY (`id`)
) ENGINE=InnoDB AUTO_INCREMENT=100 DEFAULT CHARSET=utf8 ROW_FORMAT=DYNAMIC;

/*Data for the table `fl_node` */

insert  into `fl_node`(`id`,`node_name`,`control_name`,`action_name`,`is_menu`,`type_id`,`style`) values (1,'用户管理','#','#',2,0,'glyphicon glyphicon-user'),(2,'管理员管理','user','index',2,1,''),(3,'添加管理员','user','useradd',1,2,''),(4,'编辑管理员','user','useredit',1,2,''),(5,'删除管理员','user','userdel',1,2,''),(6,'角色管理','role','index',2,1,''),(7,'添加角色','role','roleadd',1,6,''),(8,'编辑角色','role','roleedit',1,6,''),(9,'删除角色','role','roledel',1,6,''),(10,'分配权限','role','giveaccess',1,6,''),(11,'节点管理','node','index',2,1,''),(12,'添加节点','node','nodeadd',1,11,''),(13,'编辑节点','node','nodeedit',1,11,''),(14,'删除节点','node','nodedel',1,11,''),(18,'系统管理','#','#',2,0,'fa fa-gears'),(24,'修改管理员密码','user','editpassword',1,2,''),(25,'站点设置','system','webconfig',2,18,''),(26,'会员管理','#','#',2,0,'fa fa-users'),(27,'课程管理','#','#',2,0,'fa fa-th-large'),(28,'订单管理','#','#',2,0,'fa fa-reorder'),(29,'课程列表','course','index',2,27,''),(30,'添加课程','course','addcourse',1,29,''),(31,'编辑课程','course','editcourse',1,29,''),(32,'删除课程','course','delcourse',1,29,''),(33,'课程分类','course','courseclassify',2,27,''),(34,'添加分类','course','addclassify',1,33,''),(35,'编辑分类','course','editclassify',1,33,''),(36,'删除分类','course','delclassify',1,33,''),(37,'导师管理','#','#',2,0,'fa fa-list'),(38,'导师列表','teacher','index',2,37,''),(39,'添加导师','teacher','addteacher',1,38,''),(40,'编辑导师','teacher','editteacher',1,38,''),(41,'删除导师','teacher','delteacher',1,38,''),(42,'咨询管理','#','#',2,0,'fa fa-question'),(43,'咨询列表','question','index',2,42,''),(44,'回复咨询','question','questionback',1,43,''),(45,'删除咨询','question','delquestion',1,43,''),(46,'课程详情','course','coursedetail',1,29,''),(47,'会员列表','member','index',2,26,''),(48,'添加会员','member','addmember',1,47,''),(49,'会员详情','member','memberdetail',1,47,''),(50,'编辑会员','member','editmember',1,47,''),(51,'删除会员','member','delmember',1,47,''),(52,'订单列表','order','index',2,28,''),(53,'订单详情','order','orderdetail',1,28,''),(54,'删除订单','order','delorder',1,52,''),(55,'首页banner','system','banner',2,18,''),(56,'添加banner','system','addbanner',1,55,''),(57,'编辑banner','system','editbanner',1,55,''),(58,'删除banner','system','delbanner',1,55,''),(59,'资讯管理','#','#',2,0,'fa fa-info'),(60,'资讯列表','info','index',2,59,''),(61,'资讯分类','info','infoclassify',2,59,''),(62,'添加资讯','info','addinfo',1,60,''),(63,'编辑资讯','info','editinfo',1,60,''),(64,'删除分类','info','delinfo',1,60,''),(65,'添加分类','info','addinfoclassify',1,61,''),(66,'编辑分类','info','editinfoclassify',1,61,''),(67,'删除分类','info','delinfoclassify',1,61,''),(68,'修改管理信息','user','edituserinfo',1,2,''),(69,'添加余款支付','order','addresidue',1,53,''),(70,'短信通知','sms','smsindex',2,27,''),(71,'发送通知','sms','sendsms',1,70,''),(72,'删除短信通知','sms','delsms',1,70,''),(73,'导出订单','order','orderexcel',1,28,''),(74,'发送支付余款通知','sms','residualmoney',1,70,''),(75,'课程时间','course','coursetime',2,27,''),(76,'添加课程时间','course','addcoursetime',1,75,''),(77,'编辑课程时间','course','editcoursetime',1,75,''),(78,'食谱管理','#','#',2,0,'fa fa-dedent'),(79,'库存管理','recipe','inventory',2,78,''),(80,'添加成分','recipe','addinventory',1,79,''),(81,'编辑成分','recipe','editinventory',1,79,''),(82,'删除成分','recipe','delinventory',1,79,''),(83,'下载库存','recipe','downinventory',1,79,''),(84,'食谱列表','recipe','recipeindex',2,78,''),(85,'添加食谱','recipe','addrecipe',1,84,''),(86,'编辑食谱','recipe','editrecipe',1,84,''),(87,'删除食谱','recipe','delrecipe',1,84,''),(88,'下载食谱','recipe','downrecipe',1,84,''),(89,'添加食谱名称','recipe','addrecipename',1,85,''),(90,'添加食谱具体元素','recipe','addrecipedetail',1,85,''),(91,'删除食谱具体元素','recipe','deldetailelement',1,85,''),(92,'编辑食谱名称','recipe','editrecipename',1,85,''),(93,'编辑具体食谱元素','recipe','editdetailelement',1,85,''),(94,'食谱详情新增食谱元素','recipe','addonerecipedetail',1,85,''),(95,'采购管理','recipe','purchase',2,78,''),(96,'添加采购','recipe','addpurchase',1,95,''),(97,'编辑采购','recipe','editpurchase',1,95,''),(98,'删除采购','recipe','delpurchase',1,95,''),(99,'导出采购','recipe','downpurchase',1,95,'');

/*Table structure for table `fl_purchase` */

DROP TABLE IF EXISTS `fl_purchase`;

CREATE TABLE `fl_purchase` (
  `id` int(11) NOT NULL AUTO_INCREMENT COMMENT '自增id',
  `purchase_name` varchar(64) DEFAULT NULL COMMENT '采购名称',
  `courser_id` int(11) NOT NULL COMMENT '课程id',
  `student_num` int(11) NOT NULL COMMENT '学生人数',
  `teacher_num` int(11) NOT NULL COMMENT '老师人数',
  `recipe_ids` varchar(128) NOT NULL COMMENT '选中的食谱id 顶级食谱',
  `addtime` int(11) NOT NULL COMMENT '添加采购时间',
  `author` int(11) NOT NULL COMMENT '操作者',
  PRIMARY KEY (`id`)
) ENGINE=InnoDB AUTO_INCREMENT=3 DEFAULT CHARSET=utf8;

/*Data for the table `fl_purchase` */

insert  into `fl_purchase`(`id`,`purchase_name`,`courser_id`,`student_num`,`teacher_num`,`recipe_ids`,`addtime`,`author`) values (1,'我是来测试采购',1,12,25,'5,1',1528103830,1),(2,'我是24天',4,12,41,'2',1528107286,1);

/*Table structure for table `fl_purchase_num` */

DROP TABLE IF EXISTS `fl_purchase_num`;

CREATE TABLE `fl_purchase_num` (
  `id` int(11) NOT NULL AUTO_INCREMENT COMMENT '自增id',
  `element_id` int(11) NOT NULL COMMENT '成分id',
  `courser_id` int(11) NOT NULL COMMENT '课程id',
  `purchase_id` int(11) NOT NULL COMMENT '采购的id',
  `total` int(11) NOT NULL COMMENT '成分总的含量',
  `back_total` int(11) NOT NULL COMMENT '回收总含量',
  `addtime` int(11) NOT NULL COMMENT '添加时间',
  PRIMARY KEY (`id`)
) ENGINE=MyISAM AUTO_INCREMENT=7 DEFAULT CHARSET=utf8;

/*Data for the table `fl_purchase_num` */

insert  into `fl_purchase_num`(`id`,`element_id`,`courser_id`,`purchase_id`,`total`,`back_total`,`addtime`) values (1,2,1,1,50,4,1528103830),(2,7,1,1,402000,20000,1528103830),(3,8,1,1,40000,2000,1528103830),(4,2,4,2,8,5,1528107286),(5,5,4,2,90,0,1528107286),(6,7,4,2,104000,2000,1528107286);

/*Table structure for table `fl_question` */

DROP TABLE IF EXISTS `fl_question`;

CREATE TABLE `fl_question` (
  `id` int(11) NOT NULL AUTO_INCREMENT COMMENT '问题表自增id',
  `question_detail` text NOT NULL COMMENT '问题描述',
  `uid` int(11) NOT NULL COMMENT '提问者id',
  `question_time` int(11) NOT NULL COMMENT '提问时间',
  `is_answer` tinyint(2) NOT NULL DEFAULT '1' COMMENT '是否回复 1 否 2 是',
  `answer_author` int(11) NOT NULL COMMENT '回复者',
  `answer_time` int(11) NOT NULL COMMENT '回复时间',
  `answer_detail` text COMMENT '问题答案',
  `is_show` tinyint(2) NOT NULL DEFAULT '1' COMMENT '是否显示 1 是 2 否',
  `like` int(11) DEFAULT NULL COMMENT '点赞数量',
  PRIMARY KEY (`id`)
) ENGINE=InnoDB AUTO_INCREMENT=8 DEFAULT CHARSET=utf8 COMMENT='提问';

/*Data for the table `fl_question` */

insert  into `fl_question`(`id`,`question_detail`,`uid`,`question_time`,`is_answer`,`answer_author`,`answer_time`,`answer_detail`,`is_show`,`like`) values (1,'课程',6,1527081317,2,1,1527148918,'我们的课程包括：6日高端面包专项课程、24天法点明星系统课程、13日法国甜点高级课程、13日法国甜点精品课程、3日高端巧克力专项课程，具体的看课程页面。',1,2),(4,'好的',165,1527158188,1,0,0,NULL,1,NULL),(5,'课程怎么收费',166,1527158393,1,0,0,NULL,1,NULL),(6,'课程怎么收费',166,1527158394,2,1,1527225090,'你好，因为课程不同所以费用也不相同，具体相关费用你可以到【课程】了解',1,1),(7,'证书至今未给',294,1527481264,2,1,1527557497,'你好，证书我们是统一发放的，请耐心等待！',1,1);

/*Table structure for table `fl_recipe` */

DROP TABLE IF EXISTS `fl_recipe`;

CREATE TABLE `fl_recipe` (
  `id` int(11) NOT NULL AUTO_INCREMENT COMMENT '食谱id',
  `course_id` int(11) NOT NULL COMMENT '所属课程id',
  `recipe_name_id` int(11) NOT NULL COMMENT '食谱名称id',
  `addtime` int(11) NOT NULL COMMENT '最后操作时间',
  `is_demo` tinyint(2) DEFAULT '0' COMMENT '是否是演示 1是 0 否',
  `author` int(11) NOT NULL COMMENT '操作者id',
  PRIMARY KEY (`id`)
) ENGINE=InnoDB AUTO_INCREMENT=4 DEFAULT CHARSET=utf8;

/*Data for the table `fl_recipe` */

insert  into `fl_recipe`(`id`,`course_id`,`recipe_name_id`,`addtime`,`is_demo`,`author`) values (1,1,1,1528095323,0,1),(2,4,3,1528096411,0,1),(3,1,5,1528098739,0,1);

/*Table structure for table `fl_recipe_element` */

DROP TABLE IF EXISTS `fl_recipe_element`;

CREATE TABLE `fl_recipe_element` (
  `id` int(11) NOT NULL AUTO_INCREMENT COMMENT '成分id',
  `element_name` varchar(16) NOT NULL COMMENT '元素名称',
  `addtime` int(11) NOT NULL COMMENT '最后操作时间',
  `inventory_num` int(11) NOT NULL COMMENT '库存数量',
  `element_unit` int(11) NOT NULL COMMENT '元素的单位',
  `author` int(11) NOT NULL COMMENT '操作者',
  PRIMARY KEY (`id`)
) ENGINE=InnoDB AUTO_INCREMENT=9 DEFAULT CHARSET=utf8 COMMENT='食谱元素库存表';

/*Data for the table `fl_recipe_element` */

insert  into `fl_recipe_element`(`id`,`element_name`,`addtime`,`inventory_num`,`element_unit`,`author`) values (2,'葡萄糖',1527559702,1001,3,1),(4,'蛋白',1527647133,155,3,1),(5,'细砂糖',1527647159,5000,1,1),(6,'盐',1527647180,452,1,1),(7,'菜籽油',1528094782,10000,2,1),(8,'水',1528094808,101000,2,1);

/*Table structure for table `fl_recipe_element_amount` */

DROP TABLE IF EXISTS `fl_recipe_element_amount`;

CREATE TABLE `fl_recipe_element_amount` (
  `id` int(11) NOT NULL AUTO_INCREMENT COMMENT '自增id',
  `recipe_id` int(11) NOT NULL COMMENT '食谱id',
  `element_id` int(11) NOT NULL COMMENT '元素id',
  `element_unit` int(11) NOT NULL COMMENT '单位',
  `students_use` int(11) DEFAULT '0' COMMENT '学员用量',
  `teachers_use` int(11) DEFAULT '0' COMMENT '老师用量',
  `is_back_num` int(11) DEFAULT '0' COMMENT '回收数量',
  PRIMARY KEY (`id`)
) ENGINE=InnoDB AUTO_INCREMENT=9 DEFAULT CHARSET=utf8;

/*Data for the table `fl_recipe_element_amount` */

insert  into `fl_recipe_element_amount`(`id`,`recipe_id`,`element_id`,`element_unit`,`students_use`,`teachers_use`,`is_back_num`) values (1,1,7,2,100000,100000,20000),(2,1,8,2,20000,20000,2000),(3,1,2,3,22,22,4),(4,2,7,2,52000,52000,2000),(5,2,5,1,45,45,0),(6,2,2,3,4,4,5),(7,3,7,2,101000,101000,0),(8,3,2,3,3,3,0);

/*Table structure for table `fl_recipe_name` */

DROP TABLE IF EXISTS `fl_recipe_name`;

CREATE TABLE `fl_recipe_name` (
  `id` int(11) NOT NULL AUTO_INCREMENT COMMENT '自增id',
  `pid` int(11) NOT NULL DEFAULT '0' COMMENT '父级id',
  `recipe_name` varchar(32) NOT NULL COMMENT '食谱名称',
  `courser_id` int(11) NOT NULL COMMENT '课程id',
  `addtime` int(11) NOT NULL COMMENT '添加时间',
  `author` int(11) NOT NULL COMMENT '操作者',
  PRIMARY KEY (`id`)
) ENGINE=InnoDB AUTO_INCREMENT=6 DEFAULT CHARSET=utf8;

/*Data for the table `fl_recipe_name` */

insert  into `fl_recipe_name`(`id`,`pid`,`recipe_name`,`courser_id`,`addtime`,`author`) values (1,0,'我是三日高端专项顶级',1,1528094848,1),(2,0,'我是24天课程',4,1528095813,1),(3,2,'次级24天11',4,1528096442,1),(4,2,'是我24天课程测试',4,1528097478,1),(5,0,'我又是三日专项课程测试顶级',1,1528098680,1);

/*Table structure for table `fl_residue` */

DROP TABLE IF EXISTS `fl_residue`;

CREATE TABLE `fl_residue` (
  `id` int(11) NOT NULL AUTO_INCREMENT,
  `buy_id` int(11) NOT NULL COMMENT '购买id',
  `course_id` int(11) NOT NULL COMMENT '课程id',
  `order_no` varchar(20) NOT NULL COMMENT '订单编号',
  `price` decimal(9,2) NOT NULL DEFAULT '0.00' COMMENT '余额',
  `total_money` decimal(9,2) NOT NULL DEFAULT '0.00' COMMENT '全额',
  `user_order_no` varchar(20) NOT NULL COMMENT '用户定金编号',
  `oktime` int(11) DEFAULT NULL COMMENT '用户付款时间',
  `status` tinyint(3) NOT NULL DEFAULT '1' COMMENT '付款状态1 未付款 2 已付款 3未知',
  `pay_type` tinyint(3) DEFAULT '1' COMMENT '付款方式 1 wx 2 ali 3线下支付',
  `pay_type_no` varchar(128) DEFAULT NULL COMMENT '微信支付订单编号',
  `edit_author` int(11) DEFAULT NULL COMMENT '余款线下支付时编辑者',
  PRIMARY KEY (`id`)
) ENGINE=InnoDB AUTO_INCREMENT=13 DEFAULT CHARSET=utf8;

/*Data for the table `fl_residue` */

insert  into `fl_residue`(`id`,`buy_id`,`course_id`,`order_no`,`price`,`total_money`,`user_order_no`,`oktime`,`status`,`pay_type`,`pay_type_no`,`edit_author`) values (1,5,3,'WX175151679A101571','0.10','0.20','WX175151639A549755',1526282083,2,1,'4200000158201805149673683189',NULL),(2,5,5,'WX175151909A529898','0.10','0.20','WX175151891A505697',1526282313,2,1,'4200000147201805149541024688',NULL),(3,1,4,'WX175154765A995349','0.01','0.02','WX175154374A535248',1526285168,2,1,'4200000140201805149757506461',NULL),(4,1,4,'OL175162780A989798','0.01','0.02','WX175156350A100575',1526293179,2,3,NULL,1),(5,7,2,'OL175162962A499798','0.10','0.20','WX175162878A100565',1526293361,2,3,NULL,1),(6,2,4,'OL175163090A499953','0.01','0.02','WX175162895A101981',1526293489,2,3,NULL,1),(7,2,4,'WX175163115A975097','0.00','0.02','WX175162895A101981',NULL,1,1,NULL,NULL),(8,7,4,'OL175163208A551004','0.01','0.02','WX175163191A545510',1526293607,2,3,NULL,1),(9,2,4,'WX175163213A999851','0.00','0.02','WX175162895A101981',NULL,1,1,NULL,NULL),(10,2,4,'OL175214677A529855','0.01','0.02','WX175162893A991024',1526345076,2,3,NULL,1),(11,1,4,'OL175235117A994854','0.01','0.02','WX175228129A484997',1526365516,2,3,NULL,1),(12,7,4,'WX175245944A555253','0.01','0.02','WX175245868A985010',1526376352,2,1,'4200000140201805150301149468',NULL);

/*Table structure for table `fl_role` */

DROP TABLE IF EXISTS `fl_role`;

CREATE TABLE `fl_role` (
  `id` int(11) NOT NULL AUTO_INCREMENT COMMENT 'id',
  `role_name` varchar(155) NOT NULL COMMENT '角色名称',
  `rule` varchar(255) DEFAULT '' COMMENT '权限节点数据',
  PRIMARY KEY (`id`)
) ENGINE=InnoDB AUTO_INCREMENT=6 DEFAULT CHARSET=utf8 ROW_FORMAT=DYNAMIC;

/*Data for the table `fl_role` */

insert  into `fl_role`(`id`,`role_name`,`rule`) values (1,'超级管理员','*'),(2,'我是测试1','1,2,3,4,5,24,6,7,8,9,10'),(4,'我是测试2','1,2,3,4,5,24'),(5,'教务老师-吴瑞琦','28,52,54,53,42,43,44,45');

/*Table structure for table `fl_site` */

DROP TABLE IF EXISTS `fl_site`;

CREATE TABLE `fl_site` (
  `id` int(11) NOT NULL AUTO_INCREMENT,
  `site_url` varchar(32) DEFAULT NULL COMMENT '网址地址',
  `phone` varchar(12) DEFAULT NULL COMMENT '电话',
  `email` varchar(50) DEFAULT NULL COMMENT '邮箱',
  `address` varchar(255) DEFAULT NULL COMMENT '公司地址',
  `records` varchar(255) DEFAULT NULL COMMENT '备案号码',
  `web_name_z` varchar(64) DEFAULT NULL COMMENT '公司名称中',
  `web_name_y` varchar(64) DEFAULT NULL COMMENT '公司名称外',
  `logo` varchar(64) DEFAULT NULL COMMENT '网站logo',
  PRIMARY KEY (`id`)
) ENGINE=MyISAM AUTO_INCREMENT=2 DEFAULT CHARSET=utf8;

/*Data for the table `fl_site` */

insert  into `fl_site`(`id`,`site_url`,`phone`,`email`,`address`,`records`,`web_name_z`,`web_name_y`,`logo`) values (1,'www.florevp.com','18225494871','1246302096@qq.com','深圳华强北','粤ICP备14069093号','弗洛','flore','logo/20180507/de0239f221ba1f08edced19105ac8cac.jpg');

/*Table structure for table `fl_sms` */

DROP TABLE IF EXISTS `fl_sms`;

CREATE TABLE `fl_sms` (
  `id` int(11) NOT NULL AUTO_INCREMENT COMMENT 'ID',
  `type` enum('register','login','set_password','forget_password','cash') NOT NULL COMMENT '类型',
  `ip` varchar(16) NOT NULL COMMENT 'IP地址',
  `code` int(6) NOT NULL COMMENT '验证码',
  `phone` varchar(11) NOT NULL COMMENT '手机号码',
  `add_time` int(11) NOT NULL COMMENT '添加时间',
  PRIMARY KEY (`id`)
) ENGINE=MyISAM AUTO_INCREMENT=161 DEFAULT CHARSET=utf8 COMMENT='短信验证码表';

/*Data for the table `fl_sms` */

insert  into `fl_sms`(`id`,`type`,`ip`,`code`,`phone`,`add_time`) values (79,'register','116.30.217.172',739630,'18225494871',1526033271),(78,'register','219.134.116.245',313252,'18225494871',1526010400),(77,'register','219.134.116.245',832665,'18929381812',1525957891),(76,'register','219.134.116.245',200178,'18929381812',1525957750),(75,'register','219.134.116.245',288817,'18929381812',1525957651),(74,'register','219.134.116.245',469886,'18225494871',1525955345),(73,'register','219.134.116.245',200970,'18225494871',1525952974),(72,'register','219.134.116.245',546530,'18225494871',1525952963),(71,'register','219.134.116.245',334551,'15545555555',1525938028),(70,'register','219.134.116.245',276391,'18929381812',1525937786),(69,'register','219.134.116.245',537169,'18929381812',1525937724),(68,'register','219.134.116.245',625685,'18929381812',1525937657),(67,'register','219.134.116.245',707082,'13246705109',1525933838),(66,'register','219.134.116.245',599865,'17688978080',1525859380),(65,'register','219.134.116.245',796342,'17688978080',1525858537),(64,'register','219.134.116.245',542001,'17688978080',1525855438),(63,'register','219.134.116.245',428010,'18225494871',1525855427),(62,'register','113.88.47.26',109951,'17688978080',1525844007),(61,'register','112.97.55.106',377458,'17688978080',1525836371),(60,'register','112.97.55.106',914981,'18225494871',1525836359),(40,'register','WX174704738A4998',8888,'18225494871',1525763903),(41,'register','WX174704738A4998',8888,'17688978080',1525763921),(42,'register','WX174704738A4998',8888,'17688978080',1525769433),(43,'register','113.88.47.26',996075,'17688978080',1525769458),(44,'register','113.88.47.26',926983,'18672771812',1525769461),(45,'register','113.81.235.209',822477,'18672771812',1525769594),(46,'register','113.81.235.209',903940,'18672771812',1525769745),(47,'register','113.81.235.209',150503,'18225494871',1525769876),(48,'register','113.88.47.26',160870,'18225494871',1525770037),(49,'register','113.88.47.26',568854,'18225494871',1525771459),(50,'register','113.88.47.26',146762,'18225494871',1525773750),(51,'register','113.88.47.26',285748,'18225494871',1525775339),(52,'register','113.88.47.26',789646,'18225494871',1525775810),(53,'register','113.88.47.26',818493,'18225494871',1525778295),(54,'register','113.81.235.209',644530,'18225494871',1525828184),(55,'register','112.97.55.106',222578,'18225494871',1525828453),(56,'register','112.97.55.106',633766,'17688978080',1525829225),(57,'register','112.97.55.106',511790,'17688978080',1525829229),(58,'register','112.97.55.106',958495,'18225494871',1525829239),(59,'register','112.97.55.106',657110,'18225494871',1525831610),(80,'register','116.30.217.172',507266,'18225494871',1526033606),(81,'register','116.30.217.172',131935,'18225494871',1526034073),(82,'register','113.88.47.234',274458,'18929381812',1526034506),(83,'register','113.88.47.234',969553,'18929381812',1526034868),(84,'register','116.30.217.172',783639,'18225494871',1526035138),(85,'register','113.88.47.234',920385,'13246705109',1526035383),(86,'register','113.88.47.234',507015,'13246705109',1526035384),(87,'register','113.88.47.234',450001,'18225494871',1526035458),(88,'register','113.88.47.234',161367,'13246705109',1526035462),(89,'register','113.88.47.234',229698,'18225494871',1526036695),(90,'register','113.88.47.234',551207,'18225494871',1526036698),(91,'register','113.88.47.234',381906,'17688978080',1526036705),(92,'register','116.30.217.172',180877,'17688978080',1526036843),(93,'register','116.30.217.172',136854,'17688978088',1526036928),(94,'register','116.30.217.172',618437,'17688978080',1526036968),(95,'register','113.88.47.234',485463,'18929381812',1526037188),(96,'register','113.88.47.234',470883,'18929381812',1526037384),(97,'register','113.88.47.234',416196,'18929381812',1526037497),(98,'register','113.88.47.234',577737,'18929381812',1526037807),(99,'register','113.88.47.234',521015,'18672771812',1526037816),(100,'register','113.91.88.209',397518,'18929368770',1526041195),(101,'register','223.73.2.192',411280,'18682083871',1526042565),(102,'register','116.30.217.172',174880,'15820287091',1526088077),(103,'register','116.30.217.172',975092,'15820287091',1526088959),(104,'register','116.30.217.172',551924,'18225494871',1526091191),(105,'register','116.30.217.172',879219,'17688978080',1526091213),(106,'register','116.30.217.172',593704,'18225494871',1526091258),(107,'register','116.30.217.172',338659,'17688978080',1526091392),(108,'register','116.30.217.172',231206,'18929381812',1526091458),(109,'register','116.30.217.172',435287,'18929381812',1526091527),(110,'register','113.88.47.234',840526,'18225494871',1526107142),(111,'register','116.30.217.172',605395,'18225494871',1526107210),(112,'register','116.30.217.172',768869,'17688978080',1526107782),(113,'register','113.88.47.234',780351,'18989381812',1526111426),(114,'register','113.88.47.234',699540,'18225494871',1526112283),(115,'register','113.88.47.234',788473,'18929381812',1526113202),(116,'register','113.88.47.234',742144,'18225494871',1526123224),(117,'register','113.88.47.234',941222,'18225494871',1526123375),(118,'register','116.30.217.172',545278,'18225494871',1526265323),(119,'register','112.97.224.52',361528,'17688978080',1526269591),(120,'register','219.134.117.121',367892,'13246705109',1526276383),(121,'register','219.134.117.121',669631,'13246705109',1526276403),(122,'register','219.134.117.121',788740,'13246705109',1526276456),(123,'register','219.134.117.121',337412,'13246705109',1526277135),(124,'register','219.134.117.121',526265,'13246705109',1526278396),(125,'register','113.88.47.223',917066,'17688978080',1526278568),(126,'register','113.88.47.223',430448,'18929381812',1526278593),(127,'register','219.134.117.121',931620,'13246705109',1526278640),(128,'register','113.88.47.223',666487,'18929381812',1526278729),(129,'register','219.134.117.121',623483,'13246705109',1526278912),(130,'register','219.134.117.121',100477,'13246705109',1526278927),(131,'register','219.134.117.121',763564,'13246705109',1526278928),(132,'register','219.134.117.121',531877,'13246705109',1526278959),(133,'register','219.134.117.121',752696,'13246705109',1526278959),(134,'register','219.134.117.121',778558,'13246705109',1526278959),(135,'register','219.134.117.121',438976,'13246705109',1526278960),(136,'register','219.134.117.121',752859,'13246705109',1526278960),(137,'register','219.134.117.121',556382,'13246705109',1526278982),(138,'register','219.134.117.121',629679,'17688978080',1526278999),(139,'register','113.88.47.223',767830,'17688978080',1526279143),(140,'register','113.88.47.223',898283,'18929381812',1526279499),(141,'register','113.88.47.223',671040,'18929381812',1526279578),(142,'register','113.88.47.223',394515,'18929381812',1526279675),(143,'register','112.97.50.200',771237,'18682083871',1526282025),(144,'register','112.97.50.200',872794,'18682083871',1526282178),(145,'register','112.97.50.200',163444,'18682083871',1526282270),(146,'register','112.97.50.200',816427,'18682083871',1526284427),(147,'register','113.88.47.223',175517,'18225494871',1526284753),(148,'register','113.88.47.223',664745,'17688978080',1526286732),(149,'register','113.88.47.223',234122,'18929381812',1526293232),(150,'register','113.88.47.223',128375,'13246705109',1526293268),(151,'register','113.88.47.223',578853,'18929381812',1526293572),(152,'register','113.88.47.223',471491,'18225494871',1526358509),(153,'register','116.24.94.20',680290,'18929381812',1526376247),(154,'register','116.30.217.172',733892,'18225494871',1526377416),(155,'register','219.134.118.253',522983,'17688978080',1527071905),(156,'register','113.240.198.193',868422,'13425555222',1527141573),(157,'register','219.134.118.253',233901,'17688978080',1527146702),(158,'register','219.134.118.253',612436,'17688978080',1527146859),(159,'register','219.134.118.253',178701,'17688978080',1527147602),(160,'register','219.134.118.253',884429,'17688978080',1527232626);

/*Table structure for table `fl_teacher` */

DROP TABLE IF EXISTS `fl_teacher`;

CREATE TABLE `fl_teacher` (
  `id` int(11) NOT NULL AUTO_INCREMENT COMMENT '导师自增id',
  `name_z` varchar(16) DEFAULT NULL COMMENT '导师中文名',
  `name_y` varchar(32) DEFAULT NULL COMMENT '导师英文名',
  `sex` tinyint(1) NOT NULL DEFAULT '1' COMMENT '导师性别 1 男 2 女',
  `age` int(11) DEFAULT NULL COMMENT '导师年龄',
  `teacher_img` varchar(64) DEFAULT NULL COMMENT '导师头像',
  `teacher_detail` text COMMENT '导师简介',
  `addtime` int(11) DEFAULT NULL COMMENT '添加时间',
  PRIMARY KEY (`id`)
) ENGINE=MyISAM AUTO_INCREMENT=2 DEFAULT CHARSET=utf8;

/*Data for the table `fl_teacher` */

insert  into `fl_teacher`(`id`,`name_z`,`name_y`,`sex`,`age`,`teacher_img`,`teacher_detail`,`addtime`) values (1,'派翠','Patrick Lemesle',1,42,'','法国导师',1525930902);

/*Table structure for table `fl_user` */

DROP TABLE IF EXISTS `fl_user`;

CREATE TABLE `fl_user` (
  `id` int(11) NOT NULL AUTO_INCREMENT COMMENT '用户自增id',
  `user_name` varchar(255) DEFAULT NULL COMMENT '用户名称',
  `real_name` varchar(20) DEFAULT NULL COMMENT '用户真实姓名',
  `user_password` varchar(64) NOT NULL COMMENT '用户密码',
  `user_phone` varchar(11) DEFAULT NULL COMMENT '用户手机号码',
  `user_type` tinyint(2) NOT NULL DEFAULT '1' COMMENT '用户角色 1是普通用户 2是商铺',
  `user_status` tinyint(2) NOT NULL DEFAULT '1' COMMENT '用户状态 1是正常 2 冻结',
  `user_source` enum('wx','app','web') NOT NULL DEFAULT 'wx' COMMENT '来源渠道 1微信小程序 2.app 3.web',
  `user_sex` tinyint(1) NOT NULL DEFAULT '1' COMMENT '用户性别 1 男 2 女 0未知',
  `user_photo` varchar(225) DEFAULT NULL COMMENT '用户头像',
  `openid` varchar(64) DEFAULT NULL COMMENT '用户授权id(主要来自小程序)',
  `user_login_time` int(11) DEFAULT NULL COMMENT '用户最后登录时间',
  `addtime` int(11) DEFAULT NULL COMMENT '添加时间',
  PRIMARY KEY (`id`)
) ENGINE=InnoDB AUTO_INCREMENT=440 DEFAULT CHARSET=utf8 COMMENT='会员表';

/*Data for the table `fl_user` */

insert  into `fl_user`(`id`,`user_name`,`real_name`,`user_password`,`user_phone`,`user_type`,`user_status`,`user_source`,`user_sex`,`user_photo`,`openid`,`user_login_time`,`addtime`) values (1,'\"\\u6728\\u5df2\\u6210\"','木已成','',NULL,1,1,'wx',1,'https://wx.qlogo.cn/mmopen/vi_32/Q0j4TwGTfTJv7v3jkvzfX1tbHQ4fYqw2Jib3jKMaozvIkLiaWfLXJU42JTWmNVYebQ73r9gZZzdXI2sgj1n61MSw/132','ok0WZ5QIF7N_KKcusbC3x7zURlo4',NULL,1527070973),(2,'\"\\u53cd\\ud83d\\ude07  \\u5411\\ud83d\\udc55  \\u4eba\\ud83d\\udc56\"','U币','','17688978080',1,1,'wx',1,'https://wx.qlogo.cn/mmopen/vi_32/Q0j4TwGTfTLbiad2mPthtsXfpJKIBEgUqzAia2LeSrONrZZXeD6IvZgnvsiba1Vpy2qU6F7LDZLdzRw3zicS0ZAkBw/132','ok0WZ5QibUftsYf6XXCHZj2MwEY0',NULL,1527070974),(3,'\"Romain\"','Romain','',NULL,1,1,'wx',1,'https://wx.qlogo.cn/mmopen/vi_32/DYAIOgq83eqoiaJhgibygINL5EXIiaNjcJcSpCuticClPXsZcpWqRR6R1BPlHia7LNB6xBGDwnroibkLqHSRS396dOZg/132','ok0WZ5VrhaJsHBnDDZX5IMXbEULc',NULL,1527071479),(4,NULL,NULL,'',NULL,1,1,'wx',1,NULL,'ok0WZ5Wj-h6M8H_XnD0FYMcs5CQg',NULL,1527071549),(5,NULL,NULL,'',NULL,1,1,'wx',1,NULL,'ok0WZ5ceaWtGKQ7NcFbea8aaUTMQ',NULL,1527079185),(6,NULL,NULL,'',NULL,1,1,'wx',1,NULL,'ok0WZ5S0jRLh6gXx-yh9G2LIppI0',NULL,1527081255),(7,'\"rdgztest_XDGFFF\"','rdgztest_XDGFFF','',NULL,1,1,'wx',0,'','ok0WZ5eT7Z_ADbxLyayToCGC_K_Y',NULL,1527122209),(8,NULL,NULL,'',NULL,1,1,'wx',1,NULL,'ok0WZ5Swkh16Kw64zML7yo9b-vI0',NULL,1527130303),(9,NULL,NULL,'',NULL,1,1,'wx',1,NULL,'ok0WZ5QrgErzTFlI5Fol4CP4USZg',NULL,1527132913),(10,NULL,NULL,'',NULL,1,1,'wx',1,NULL,'ok0WZ5fGyDSLb-CdQToQyLpX7JwI',NULL,1527132928),(11,NULL,NULL,'',NULL,1,1,'wx',1,NULL,'ok0WZ5fX387HFnlhpDzl-lDaLiBI',NULL,1527132930),(12,NULL,NULL,'',NULL,1,1,'wx',1,NULL,'ok0WZ5QrOIJao5TqB1EljQ7J7j44',NULL,1527132933),(13,NULL,NULL,'',NULL,1,1,'wx',1,NULL,'ok0WZ5WyV-aGHQaVIMlXhfZa-SdY',NULL,1527132941),(14,NULL,NULL,'',NULL,1,1,'wx',1,NULL,'ok0WZ5SsOxJO4klrPiFd_ZTH8Ba8',NULL,1527132960),(15,NULL,NULL,'',NULL,1,1,'wx',1,NULL,'ok0WZ5TeHY7C3cXHrEeBMyEKMHiQ',NULL,1527132965),(16,NULL,NULL,'',NULL,1,1,'wx',1,NULL,'ok0WZ5ew6OqF-5JySfkOlL9E-qeU',NULL,1527132993),(17,NULL,NULL,'',NULL,1,1,'wx',1,NULL,'ok0WZ5WVrV7lZWu0uzc9PjzH0fl8',NULL,1527133018),(18,NULL,NULL,'',NULL,1,1,'wx',1,NULL,'ok0WZ5R0tssKNb_Ht3q-bAQcfCeg',NULL,1527133035),(19,NULL,NULL,'',NULL,1,1,'wx',1,NULL,'ok0WZ5fZjN7OlKKib6gQWNsAL7zY',NULL,1527133050),(20,NULL,NULL,'',NULL,1,1,'wx',1,NULL,'ok0WZ5ZZMkpNU3vYqR-QV0niZgew',NULL,1527133059),(21,NULL,NULL,'',NULL,1,1,'wx',1,NULL,'ok0WZ5bR3NKmbE9Q6o8BojHypiuI',NULL,1527133060),(22,NULL,NULL,'',NULL,1,1,'wx',1,NULL,'ok0WZ5ZBXrFhvx8TBRUjCioHrj2s',NULL,1527133072),(23,NULL,NULL,'',NULL,1,1,'wx',1,NULL,'ok0WZ5fy1eN75TvlcqBJTUtlXkns',NULL,1527133075),(24,NULL,NULL,'',NULL,1,1,'wx',1,NULL,'ok0WZ5anWBFlMjUXjkWidgaVNP5U',NULL,1527133083),(25,NULL,NULL,'',NULL,1,1,'wx',1,NULL,'ok0WZ5ZoeF2hL1IMb-BA69smRDKU',NULL,1527133087),(26,NULL,NULL,'',NULL,1,1,'wx',1,NULL,'ok0WZ5VlDSoAvRxmskehjlhsbsVU',NULL,1527133096),(27,NULL,NULL,'',NULL,1,1,'wx',1,NULL,'ok0WZ5Yycc2bJIGs3JfQrzH3hfGw',NULL,1527133115),(28,'\"\\u89c2\\u6d77\\u4e91\\u8fdc\"','观海云远','',NULL,1,1,'wx',1,'https://wx.qlogo.cn/mmopen/vi_32/DYAIOgq83eqkXNr5a5jLASu4sPDd1hy7QwoNzBlp9FUFITd9lw1qvSPuXEnnOEIicfazlLNY0EiaWTPlWIjV7BbQ/132','ok0WZ5QjFnItzTPNhFHROF8oKjqA',NULL,1527133121),(29,NULL,NULL,'',NULL,1,1,'wx',1,NULL,'ok0WZ5W4ay_6C-PPNP1EINl3Gmvo',NULL,1527133147),(30,NULL,NULL,'',NULL,1,1,'wx',1,NULL,'ok0WZ5RKDPAoBrr79qDrSSEI5FXU',NULL,1527133161),(31,NULL,NULL,'',NULL,1,1,'wx',1,NULL,'ok0WZ5Yx5vES5Cp2OrooiXVQsQnQ',NULL,1527133191),(32,NULL,NULL,'',NULL,1,1,'wx',1,NULL,'ok0WZ5ZnorBBNMTd5KyfJCfBvPzk',NULL,1527133218),(33,NULL,NULL,'',NULL,1,1,'wx',1,NULL,'ok0WZ5XuVykcpc-wZLn4A_o10qFk',NULL,1527133219),(34,NULL,NULL,'',NULL,1,1,'wx',1,NULL,'ok0WZ5QOJoBC9Qm9Kv1C4rt8Z1-U',NULL,1527133253),(35,NULL,NULL,'',NULL,1,1,'wx',1,NULL,'ok0WZ5SdPtD54iXphbyeSEsdULug',NULL,1527133277),(36,NULL,NULL,'',NULL,1,1,'wx',1,NULL,'ok0WZ5dGwU13s4rIfi49WWRjml-o',NULL,1527133280),(37,NULL,NULL,'',NULL,1,1,'wx',1,NULL,'ok0WZ5QJln6m9IqTzjtHvEUmJpDs',NULL,1527133288),(38,NULL,NULL,'',NULL,1,1,'wx',1,NULL,'ok0WZ5SUuXUjJ02F1dgQ5CrYWbJ4',NULL,1527133321),(39,NULL,NULL,'',NULL,1,1,'wx',1,NULL,'ok0WZ5W5NCXJnatwLaCoHAZ4-UVQ',NULL,1527133324),(40,NULL,NULL,'',NULL,1,1,'wx',1,NULL,'ok0WZ5SYGP87FMXYc_LgDjlFSh-M',NULL,1527133325),(41,NULL,NULL,'',NULL,1,1,'wx',1,NULL,'ok0WZ5TkbYu3dHW150Cg7bxPKjFk',NULL,1527133331),(42,NULL,NULL,'',NULL,1,1,'wx',1,NULL,'ok0WZ5Qp7EJL_3LEx9-BPe8rkGAU',NULL,1527133332),(43,NULL,NULL,'',NULL,1,1,'wx',1,NULL,'ok0WZ5XgHEXrGz9jqVXqmzGOCCbA',NULL,1527133338),(44,NULL,NULL,'',NULL,1,1,'wx',1,NULL,'ok0WZ5cNZuINy_4n75k110fLn6qI',NULL,1527133348),(45,NULL,NULL,'',NULL,1,1,'wx',1,NULL,'ok0WZ5Qmy_gLm2nE1Lw4LSufAA_k',NULL,1527133391),(46,NULL,NULL,'',NULL,1,1,'wx',1,NULL,'ok0WZ5d8lxtZRl842OPW3OkOHIn4',NULL,1527133393),(47,NULL,NULL,'',NULL,1,1,'wx',1,NULL,'ok0WZ5UzR3qTuK-_cyaGpAXnjXXs',NULL,1527133427),(48,NULL,NULL,'',NULL,1,1,'wx',1,NULL,'ok0WZ5amAi01VLBoNOlJiR5Z9JAw',NULL,1527133438),(49,NULL,NULL,'',NULL,1,1,'wx',1,NULL,'ok0WZ5e3yY0ZHiANAKSpRVY2Ee6k',NULL,1527133444),(50,NULL,NULL,'',NULL,1,1,'wx',1,NULL,'ok0WZ5Q21OgufVL3pYxeWqnVXVbg',NULL,1527133485),(51,NULL,NULL,'',NULL,1,1,'wx',1,NULL,'ok0WZ5VLWMbTNjIGr7g0vZViDLjA',NULL,1527133563),(52,NULL,NULL,'',NULL,1,1,'wx',1,NULL,'ok0WZ5R3ym1y954HLUjc9p9Kw5xY',NULL,1527133568),(53,NULL,NULL,'',NULL,1,1,'wx',1,NULL,'ok0WZ5bBf9UrzQMHhQCzYZyLoBHQ',NULL,1527133569),(54,NULL,NULL,'',NULL,1,1,'wx',1,NULL,'ok0WZ5dEuJRhzBqZXIxCSTSJNT80',NULL,1527133569),(55,NULL,NULL,'',NULL,1,1,'wx',1,NULL,'ok0WZ5aT_SbMcotGTWsbwgF8ju6Q',NULL,1527133585),(56,NULL,NULL,'',NULL,1,1,'wx',1,NULL,'ok0WZ5e2AUSr5aDm8Qp1tUPn8BkU',NULL,1527133595),(57,NULL,NULL,'',NULL,1,1,'wx',1,NULL,'ok0WZ5TNIB99C4Xtba1vaqLwKPAg',NULL,1527133608),(58,NULL,NULL,'',NULL,1,1,'wx',1,NULL,'ok0WZ5RcNwNfkMzwVt-Ciacla3gY',NULL,1527133642),(59,NULL,NULL,'',NULL,1,1,'wx',1,NULL,'ok0WZ5e2YqqrQ574KqA4L3IVRI7U',NULL,1527133645),(60,NULL,NULL,'',NULL,1,1,'wx',1,NULL,'ok0WZ5cL2OjZXwgftoucfLOtYiss',NULL,1527133672),(61,NULL,NULL,'',NULL,1,1,'wx',1,NULL,'ok0WZ5aS5ndQAyLd4u1AnzeNN6Xo',NULL,1527133722),(62,NULL,NULL,'',NULL,1,1,'wx',1,NULL,'ok0WZ5e69A_Hilc1g1WJvrtNWlEY',NULL,1527133751),(63,NULL,NULL,'',NULL,1,1,'wx',1,NULL,'ok0WZ5UPeICp-h0DQtOcBV04lQ44',NULL,1527133792),(64,NULL,NULL,'',NULL,1,1,'wx',1,NULL,'ok0WZ5RxAa4w_CNS6FUm5wAvudok',NULL,1527133837),(65,NULL,NULL,'',NULL,1,1,'wx',1,NULL,'ok0WZ5cLakIHhoA5d7hwDzX9eWCw',NULL,1527133852),(66,NULL,NULL,'',NULL,1,1,'wx',1,NULL,'ok0WZ5ffH5GtkilS4eBwLMulTx0I',NULL,1527133880),(67,NULL,NULL,'',NULL,1,1,'wx',1,NULL,'ok0WZ5Z3M-fVQEpaGTf0lDfPE1UA',NULL,1527133883),(68,NULL,NULL,'',NULL,1,1,'wx',1,NULL,'ok0WZ5XTsdmrTU7HBp-aQIzSNsB8',NULL,1527133902),(69,NULL,NULL,'',NULL,1,1,'wx',1,NULL,'ok0WZ5btKfBKBXMUrA3306ZmFnFQ',NULL,1527133903),(70,NULL,NULL,'',NULL,1,1,'wx',1,NULL,'ok0WZ5QUAGu2rvpJ82HxZ0ylFJMo',NULL,1527133906),(71,NULL,NULL,'',NULL,1,1,'wx',1,NULL,'ok0WZ5QSX7tO8Haomz8hae10L_8Y',NULL,1527134033),(72,NULL,NULL,'',NULL,1,1,'wx',1,NULL,'ok0WZ5TK8ZYaqEjnbN7ZpmXF-OT4',NULL,1527134069),(73,NULL,NULL,'',NULL,1,1,'wx',1,NULL,'ok0WZ5aji80pXnMeXvcapXTM3gBY',NULL,1527134091),(74,NULL,NULL,'',NULL,1,1,'wx',1,NULL,'ok0WZ5dtWew01uVwgx1-Zwo9XZ2I',NULL,1527134199),(75,NULL,NULL,'',NULL,1,1,'wx',1,NULL,'ok0WZ5RBVPu_ZiZbiG4S-VlktT34',NULL,1527134252),(76,NULL,NULL,'',NULL,1,1,'wx',1,NULL,'ok0WZ5e5sSKr4gXQWEKeBfAV2TaM',NULL,1527134287),(77,NULL,NULL,'',NULL,1,1,'wx',1,NULL,'ok0WZ5Z1OGfAIHIgrV5I6qNKk6BA',NULL,1527134320),(78,NULL,NULL,'',NULL,1,1,'wx',1,NULL,'ok0WZ5fDlqvJT_1RFP2HrkW-UD-k',NULL,1527134320),(79,NULL,NULL,'',NULL,1,1,'wx',1,NULL,'ok0WZ5VAQ-eO7nrU83DlzyIWuB-I',NULL,1527134409),(80,NULL,NULL,'',NULL,1,1,'wx',1,NULL,'ok0WZ5YyWdBWqqk5rsm-Y2jljE0Q',NULL,1527134494),(81,NULL,NULL,'',NULL,1,1,'wx',1,NULL,'ok0WZ5SU_HmGPwjamLp0kRUAvOAI',NULL,1527134497),(82,NULL,NULL,'',NULL,1,1,'wx',1,NULL,'ok0WZ5U-UGr-fGvaUAFDgki-KS3A',NULL,1527134504),(83,NULL,NULL,'',NULL,1,1,'wx',1,NULL,'ok0WZ5VSy2skOFUqki181czABY7M',NULL,1527134582),(84,NULL,NULL,'',NULL,1,1,'wx',1,NULL,'ok0WZ5ThbTQtoOkzMBpO6gj2GXcU',NULL,1527134816),(85,NULL,NULL,'',NULL,1,1,'wx',1,NULL,'ok0WZ5VkMf7Dop6ktSfTcU2X-c8E',NULL,1527134859),(86,NULL,NULL,'',NULL,1,1,'wx',1,NULL,'ok0WZ5S_0t9xWrnPiDXZfT141rg0',NULL,1527134879),(87,NULL,NULL,'',NULL,1,1,'wx',1,NULL,'ok0WZ5UPnWLPPxCnoFfapYVv_Fuw',NULL,1527134956),(88,NULL,NULL,'',NULL,1,1,'wx',1,NULL,'ok0WZ5Qwk9y5Ek9krXy0wXYkUykM',NULL,1527135021),(89,NULL,NULL,'',NULL,1,1,'wx',1,NULL,'ok0WZ5eyZaEuclPQdCbteavNktkI',NULL,1527135071),(90,NULL,NULL,'',NULL,1,1,'wx',1,NULL,'ok0WZ5fb5OGzWtQJhz2cHqMiaseI',NULL,1527135125),(91,NULL,NULL,'',NULL,1,1,'wx',1,NULL,'ok0WZ5YH-9J9Nj_Ynw8uFWfgD_4M',NULL,1527135406),(92,NULL,NULL,'',NULL,1,1,'wx',1,NULL,'ok0WZ5STqvGB7a7Duomu6rnHg-Bk',NULL,1527135473),(93,NULL,NULL,'',NULL,1,1,'wx',1,NULL,'ok0WZ5ZP0URFIa2ugj1WnroC8FCM',NULL,1527135796),(94,NULL,NULL,'',NULL,1,1,'wx',1,NULL,'ok0WZ5V1RCJxTwo4a5hJxG1svmFU',NULL,1527135833),(95,NULL,NULL,'',NULL,1,1,'wx',1,NULL,'ok0WZ5QjaHUy7a3yxvgJ72cxOei0',NULL,1527135934),(96,NULL,NULL,'',NULL,1,1,'wx',1,NULL,'ok0WZ5YAewSq-EMbLg2bawuR1fBs',NULL,1527136144),(97,NULL,NULL,'',NULL,1,1,'wx',1,NULL,'ok0WZ5VDsH5y82sxNxq64eQM5LAw',NULL,1527136441),(98,NULL,NULL,'',NULL,1,1,'wx',1,NULL,'ok0WZ5dbIzKTo7XzbYMUxJRTVrg0',NULL,1527136701),(99,NULL,NULL,'',NULL,1,1,'wx',1,NULL,'ok0WZ5c0DOPZHNytXSrAlNwQp-AY',NULL,1527137123),(100,NULL,NULL,'',NULL,1,1,'wx',1,NULL,'ok0WZ5aMeKJYOpfp7-7dAV3nhKz8',NULL,1527137594),(101,NULL,NULL,'',NULL,1,1,'wx',1,NULL,'ok0WZ5VAfu5BMoWNJNF8RpB2u7sY',NULL,1527137812),(102,NULL,NULL,'',NULL,1,1,'wx',1,NULL,'ok0WZ5UAoBco_x4K0D10iH8mcAv4',NULL,1527137886),(103,'\"AYWW\"','AYWW','',NULL,1,1,'wx',1,'https://wx.qlogo.cn/mmopen/vi_32/PvicBORiaTDrhUa5h9B15WGA4AGgzUmtEbaZAjhhnqicHpicEDbPKsvmEfrhqonHrP24h7b4UKHVMIMIunQLRU1lzw/132','ok0WZ5dgxweB3OJLxuoHfF4P2Y28',NULL,1527137929),(104,NULL,NULL,'',NULL,1,1,'wx',1,NULL,'ok0WZ5UfHF2nFs9uxUT6yXk4A9_4',NULL,1527138265),(105,NULL,NULL,'',NULL,1,1,'wx',1,NULL,'ok0WZ5VjvWhHt_rGZCoV-suoRyJo',NULL,1527138625),(106,NULL,NULL,'',NULL,1,1,'wx',1,NULL,'ok0WZ5WW_D-WCuVPReZTjQSyfK9Q',NULL,1527138829),(107,NULL,NULL,'',NULL,1,1,'wx',1,NULL,'ok0WZ5VwGVsZybXpsMiTSIpIvE5I',NULL,1527139021),(108,NULL,NULL,'',NULL,1,1,'wx',1,NULL,'ok0WZ5QEtmgR0rK3Gz7zFtOaRx5M',NULL,1527139394),(109,NULL,NULL,'',NULL,1,1,'wx',1,NULL,'ok0WZ5dINqEX4Ktnqq_jFLHbL204',NULL,1527139439),(110,NULL,NULL,'',NULL,1,1,'wx',1,NULL,'ok0WZ5V6hjBxLQ9INDTgEvSvPh3s',NULL,1527140430),(111,NULL,NULL,'',NULL,1,1,'wx',1,NULL,'ok0WZ5axO3Y2kGA_EML8Fz5IP9GI',NULL,1527140507),(112,NULL,NULL,'',NULL,1,1,'wx',1,NULL,'ok0WZ5fA_bx77-im-S-03nKo5fK4',NULL,1527140865),(113,NULL,NULL,'',NULL,1,1,'wx',1,NULL,'ok0WZ5bT3I9hetpb5cph-_owT-d8',NULL,1527140900),(114,NULL,NULL,'',NULL,1,1,'wx',1,NULL,'ok0WZ5evyufQOJF-U4K-D1TEiLM0',NULL,1527141068),(115,NULL,NULL,'',NULL,1,1,'wx',1,NULL,'ok0WZ5VpmFqTmsnYECm6pbj8u66k',NULL,1527141072),(116,NULL,NULL,'','13425555222',1,1,'wx',1,NULL,'ok0WZ5Qwf35z9ZLUXKPgjmet7IYE',NULL,1527141358),(117,NULL,NULL,'',NULL,1,1,'wx',1,NULL,'ok0WZ5RamBLHzOKw86yJjwXCZPxs',NULL,1527141483),(118,NULL,NULL,'',NULL,1,1,'wx',1,NULL,'ok0WZ5arnjEFjrtkh8jP60VjCel0',NULL,1527142122),(119,NULL,NULL,'',NULL,1,1,'wx',1,NULL,'ok0WZ5TkuDiCoGR4OqirNH_kUpEw',NULL,1527142456),(120,NULL,NULL,'',NULL,1,1,'wx',1,NULL,'ok0WZ5fh_lW4AEo2eFPygEcXjnd8',NULL,1527142856),(121,NULL,NULL,'',NULL,1,1,'wx',1,NULL,'ok0WZ5Rlk06LoFOMS9RkYROyt714',NULL,1527143289),(122,NULL,NULL,'',NULL,1,1,'wx',1,NULL,'ok0WZ5cQhlkcMtBS90V3BcRPhcBY',NULL,1527143589),(123,NULL,NULL,'',NULL,1,1,'wx',1,NULL,'ok0WZ5eREd7ZCJSaql5snxZBrPsk',NULL,1527143938),(124,NULL,NULL,'',NULL,1,1,'wx',1,NULL,'ok0WZ5aAdzlARGAHxY-1nkRbHD-Y',NULL,1527144292),(125,NULL,NULL,'',NULL,1,1,'wx',1,NULL,'ok0WZ5Sgfqg_DnhexpW6Hhlig7_o',NULL,1527145209),(126,NULL,NULL,'',NULL,1,1,'wx',1,NULL,'ok0WZ5QKc-1djOuToP73ayQGIkFo',NULL,1527145256),(127,NULL,NULL,'',NULL,1,1,'wx',1,NULL,'ok0WZ5SKKbmw-AOk6vvHJmdEcXyY',NULL,1527145526),(128,NULL,NULL,'',NULL,1,1,'wx',1,NULL,'ok0WZ5axduAri5NpZ4OiSJbHxVjo',NULL,1527145841),(129,NULL,NULL,'',NULL,1,1,'wx',1,NULL,'ok0WZ5VKcwVohaKjrcoaFdVjOY_E',NULL,1527145931),(130,NULL,NULL,'',NULL,1,1,'wx',1,NULL,'ok0WZ5dgvKROCgOy4u00lEIhZ044',NULL,1527146373),(131,NULL,NULL,'',NULL,1,1,'wx',1,NULL,'ok0WZ5X2YfhSriL8fOBC1Q4Xy-Wk',NULL,1527146590),(132,NULL,NULL,'',NULL,1,1,'wx',1,NULL,'ok0WZ5aXEM_L59-sUKoDl1SaJLEw',NULL,1527147203),(133,'\"rdgztest_MPKGMV\"','rdgztest_MPKGMV','',NULL,1,1,'wx',0,'','ok0WZ5a1GK7zDFIalTkb0Q3SLac4',NULL,1527147818),(134,NULL,NULL,'',NULL,1,1,'wx',1,NULL,'ok0WZ5VOhfEkJ5ZZqtPMSevUyukU',NULL,1527148214),(135,NULL,NULL,'',NULL,1,1,'wx',1,NULL,'ok0WZ5e5Nb8kNLIKrC2V1oo8KtX0',NULL,1527149548),(136,NULL,NULL,'',NULL,1,1,'wx',1,NULL,'ok0WZ5SgjLn3X-29GQQRWkpy2-tI',NULL,1527149779),(137,NULL,NULL,'',NULL,1,1,'wx',1,NULL,'ok0WZ5bobXCxdjqNGyItzDXIqBzU',NULL,1527150560),(138,NULL,NULL,'',NULL,1,1,'wx',1,NULL,'ok0WZ5Qqc_clYom_kYYflRyaL1TA',NULL,1527152135),(139,NULL,NULL,'',NULL,1,1,'wx',1,NULL,'ok0WZ5el_v5NSW6sCfagQ2tcbAm8',NULL,1527154545),(140,NULL,NULL,'',NULL,1,1,'wx',1,NULL,'ok0WZ5ccCpITtR136g_yIQdC14Tw',NULL,1527154646),(141,NULL,NULL,'',NULL,1,1,'wx',1,NULL,'ok0WZ5b5pX2AwcOiedseE9M7XvsI',NULL,1527154822),(142,NULL,NULL,'',NULL,1,1,'wx',1,NULL,'ok0WZ5bsmCi_yiYjZ6LnSFXePN6U',NULL,1527154930),(143,NULL,NULL,'',NULL,1,1,'wx',1,NULL,'ok0WZ5fXIRJVcbEJPAhXb2pZRvMU',NULL,1527155582),(144,NULL,NULL,'',NULL,1,1,'wx',1,NULL,'ok0WZ5Qu9lLkNDJ93Nl-Z1s_h9uE',NULL,1527155636),(145,NULL,NULL,'',NULL,1,1,'wx',1,NULL,'ok0WZ5RsxTC50PDXedRDXSRUCMRE',NULL,1527155767),(146,NULL,NULL,'',NULL,1,1,'wx',1,NULL,'ok0WZ5dIG1ilplcUCKj4dnTscVfs',NULL,1527155783),(147,NULL,NULL,'',NULL,1,1,'wx',1,NULL,'ok0WZ5SsXv5xyMIGFiRD44lyJyKQ',NULL,1527155833),(148,NULL,NULL,'',NULL,1,1,'wx',1,NULL,'ok0WZ5R2BrbdM3YaO4011Xfwj9Zc',NULL,1527155833),(149,NULL,NULL,'',NULL,1,1,'wx',1,NULL,'ok0WZ5fbWgptD-Z49F_uPmNLVIOY',NULL,1527155890),(150,NULL,NULL,'',NULL,1,1,'wx',1,NULL,'ok0WZ5btU-i71BhzQypuLpyVmeZ4',NULL,1527155950),(151,NULL,NULL,'',NULL,1,1,'wx',1,NULL,'ok0WZ5cVXOeMW5f3yjR_RqyhttEY',NULL,1527155962),(152,NULL,NULL,'',NULL,1,1,'wx',1,NULL,'ok0WZ5QQmaTzDWJNcIjebzIC17Qs',NULL,1527155990),(153,NULL,NULL,'',NULL,1,1,'wx',1,NULL,'ok0WZ5UBB5DhwLeVIdP1IqC2Nal4',NULL,1527156044),(154,NULL,NULL,'',NULL,1,1,'wx',1,NULL,'ok0WZ5TiHTuy3fmR0VcPUOB4m6yA',NULL,1527156215),(155,NULL,NULL,'',NULL,1,1,'wx',1,NULL,'ok0WZ5efSH8k0HoAYrMQs0MYbEX4',NULL,1527156347),(156,NULL,NULL,'',NULL,1,1,'wx',1,NULL,'ok0WZ5T0ZxIySvnWBTZaFoRqtKTY',NULL,1527156403),(157,NULL,NULL,'',NULL,1,1,'wx',1,NULL,'ok0WZ5exCe3hEEn3ICAwK1Q-wK6Y',NULL,1527156451),(158,NULL,NULL,'',NULL,1,1,'wx',1,NULL,'ok0WZ5Tx36vpdbeRuHuv_qzt_xCs',NULL,1527156825),(159,NULL,NULL,'',NULL,1,1,'wx',1,NULL,'ok0WZ5b7Gek3B0jeRFa4jGqXXWlo',NULL,1527156872),(160,NULL,NULL,'',NULL,1,1,'wx',1,NULL,'ok0WZ5dO4kXdGniNdokEcKtY6gjM',NULL,1527156964),(161,NULL,NULL,'',NULL,1,1,'wx',1,NULL,'ok0WZ5TnaZYamN5X-SMZX_2QDe-k',NULL,1527157057),(162,NULL,NULL,'',NULL,1,1,'wx',1,NULL,'ok0WZ5e1f1Zuchr4PjWD8Pus_New',NULL,1527157572),(163,NULL,NULL,'',NULL,1,1,'wx',1,NULL,'ok0WZ5TMLQxdwJJtQYteRZo-SVmY',NULL,1527157800),(164,NULL,NULL,'',NULL,1,1,'wx',1,NULL,'ok0WZ5Qz80EFNeUS-zeGgMaUBfkk',NULL,1527157944),(165,'\"\\u8001\\u5e72\\u90e8\"','老干部','',NULL,1,1,'wx',1,'https://wx.qlogo.cn/mmopen/vi_32/Q0j4TwGTfTKUeYuMkMUbguaEhsuzn728xte74icLiaYQQkROmLfcc2YZIjmkiad028dQeqEk1icQYSy8tEWtMPgHSg/132','ok0WZ5RCkANkwNxU3Njw8fgJ8LmQ',NULL,1527158075),(166,NULL,NULL,'',NULL,1,1,'wx',1,NULL,'ok0WZ5Yoi2l9EXJlNs5LBicZ4ipY',NULL,1527158336),(167,NULL,NULL,'',NULL,1,1,'wx',1,NULL,'ok0WZ5ckGFUPkWB7-G2Q5ZSWepfU',NULL,1527158432),(168,NULL,NULL,'',NULL,1,1,'wx',1,NULL,'ok0WZ5fNlB-wq7upUiZK9SR4TvWI',NULL,1527158584),(169,NULL,NULL,'',NULL,1,1,'wx',1,NULL,'ok0WZ5ZoFba0BW43EnvtYc-Iuv6E',NULL,1527159663),(170,NULL,NULL,'',NULL,1,1,'wx',1,NULL,'ok0WZ5fdvqtK6x1xyPpJ3HYEPBr0',NULL,1527160272),(171,NULL,NULL,'',NULL,1,1,'wx',1,NULL,'ok0WZ5fCepHZsPs1Wy-JJ4qeKlC8',NULL,1527160592),(172,NULL,NULL,'',NULL,1,1,'wx',1,NULL,'ok0WZ5e4nvNJoWwKhJaHtCtKJxac',NULL,1527161198),(173,NULL,NULL,'',NULL,1,1,'wx',1,NULL,'ok0WZ5a3lUC__466pSOvhytBggDo',NULL,1527161368),(174,NULL,NULL,'',NULL,1,1,'wx',1,NULL,'ok0WZ5ZLTjjfyQfqpXdGmHQ9jfaE',NULL,1527161788),(175,NULL,NULL,'',NULL,1,1,'wx',1,NULL,'ok0WZ5ZRWn_Q7kulpSdhz351eMvw',NULL,1527163565),(176,NULL,NULL,'',NULL,1,1,'wx',1,NULL,'ok0WZ5Z4juY4XxNsOpEhlJVX1ZL8',NULL,1527164842),(177,NULL,NULL,'',NULL,1,1,'wx',1,NULL,'ok0WZ5Q3MLa6jzA2n4asplUBvY38',NULL,1527166603),(178,NULL,NULL,'',NULL,1,1,'wx',1,NULL,'ok0WZ5UObXq1Ltt5OupZcP0qtHT4',NULL,1527167435),(179,NULL,NULL,'',NULL,1,1,'wx',1,NULL,'ok0WZ5VRXv_brA0MZHgIKJtr87Ok',NULL,1527168951),(180,NULL,NULL,'',NULL,1,1,'wx',1,NULL,'ok0WZ5VcjbVsZEiYVQJqeM3yQdUU',NULL,1527169558),(181,NULL,NULL,'',NULL,1,1,'wx',1,NULL,'ok0WZ5YahonrHHWBJH8Ekd4t0xH8',NULL,1527170565),(182,NULL,NULL,'',NULL,1,1,'wx',1,NULL,'ok0WZ5e7rXIDBiQXl5l1BDnxEHD4',NULL,1527173166),(183,NULL,NULL,'',NULL,1,1,'wx',1,NULL,'ok0WZ5Y9Ja5ekE4U-Bi30Au-mNdA',NULL,1527173429),(184,NULL,NULL,'',NULL,1,1,'wx',1,NULL,'ok0WZ5XGJh0LsZEZxl6R8cQjHVpQ',NULL,1527173841),(185,NULL,NULL,'',NULL,1,1,'wx',1,NULL,'ok0WZ5Xa55GUxuuyJEBNPUvga8ug',NULL,1527175958),(186,NULL,NULL,'',NULL,1,1,'wx',1,NULL,'ok0WZ5eh1U69qpTZZa0_P9MTzKGw',NULL,1527176700),(187,NULL,NULL,'',NULL,1,1,'wx',1,NULL,'ok0WZ5SYegQHpfTO2eAAJlxvD-58',NULL,1527176915),(188,NULL,NULL,'',NULL,1,1,'wx',1,NULL,'ok0WZ5bK7gE4dS_TnqJi8CNY9PRA',NULL,1527182106),(189,NULL,NULL,'',NULL,1,1,'wx',1,NULL,'ok0WZ5a_h3FCRejxtXmej8SeYhtY',NULL,1527201844),(190,NULL,NULL,'',NULL,1,1,'wx',1,NULL,'ok0WZ5QX-_vGR6yw3KW1dUvPSNtY',NULL,1527206630),(191,NULL,NULL,'',NULL,1,1,'wx',1,NULL,'ok0WZ5fOnCWJn04J7XuAJMiBNDU8',NULL,1527211845),(192,NULL,NULL,'',NULL,1,1,'wx',1,NULL,'ok0WZ5YGgZjdtyxWDKX9EfSSTvOo',NULL,1527213066),(193,NULL,NULL,'',NULL,1,1,'wx',1,NULL,'ok0WZ5TSYu0X6P3LvEKGOGm3lmHk',NULL,1527219819),(194,NULL,NULL,'',NULL,1,1,'wx',1,NULL,'ok0WZ5RmYVogs5jiF585isL67FB0',NULL,1527221155),(195,NULL,NULL,'',NULL,1,1,'wx',1,NULL,'ok0WZ5WVwKYphyrvpRHjqB9p-4W8',NULL,1527221175),(196,NULL,NULL,'',NULL,1,1,'wx',1,NULL,'ok0WZ5f7WZnb5FSuJ6DuuGohpHYE',NULL,1527221231),(197,NULL,NULL,'',NULL,1,1,'wx',1,NULL,'ok0WZ5XOc5OZ4LmzTUbRNRyK2eJk',NULL,1527221320),(198,NULL,NULL,'',NULL,1,1,'wx',1,NULL,'ok0WZ5Y5ed0h4fKhmFrilsaoowp8',NULL,1527221332),(199,NULL,NULL,'',NULL,1,1,'wx',1,NULL,'ok0WZ5crG-UK1p40bj7v_cmxwnAo',NULL,1527221351),(200,NULL,NULL,'',NULL,1,1,'wx',1,NULL,'ok0WZ5fzqjaI8wXKxY4g_n4LMVQc',NULL,1527221436),(201,NULL,NULL,'',NULL,1,1,'wx',1,NULL,'ok0WZ5e25F-FGpJUwY9XVBp3Q5Bw',NULL,1527221583),(202,NULL,NULL,'',NULL,1,1,'wx',1,NULL,'ok0WZ5UMnSC5fYkGIm0nuizUfGXU',NULL,1527221605),(203,NULL,NULL,'',NULL,1,1,'wx',1,NULL,'ok0WZ5bvtMSvNntB198CP0IDp18g',NULL,1527221607),(204,NULL,NULL,'',NULL,1,1,'wx',1,NULL,'ok0WZ5dLqO7sQzIIpfdBc87tq5sU',NULL,1527221624),(205,NULL,NULL,'',NULL,1,1,'wx',1,NULL,'ok0WZ5VwHXXiLNnvabCm3n98KWjg',NULL,1527221644),(206,NULL,NULL,'',NULL,1,1,'wx',1,NULL,'ok0WZ5cqlm-eC6P77X_dqX7dpExA',NULL,1527221725),(207,NULL,NULL,'',NULL,1,1,'wx',1,NULL,'ok0WZ5WObt0sTh0NiOcPPB9eXVxg',NULL,1527221764),(208,NULL,NULL,'',NULL,1,1,'wx',1,NULL,'ok0WZ5egzfN6T3f8NhcH6Dsp-8b8',NULL,1527221781),(209,NULL,NULL,'',NULL,1,1,'wx',1,NULL,'ok0WZ5VsJwkCrLcgONdrhFMNGLaU',NULL,1527221843),(210,NULL,NULL,'',NULL,1,1,'wx',1,NULL,'ok0WZ5e5DhFsaCpg75Icm5QYJNZM',NULL,1527221864),(211,NULL,NULL,'',NULL,1,1,'wx',1,NULL,'ok0WZ5VqMawAkKGPY7sc8BwCR7G4',NULL,1527221876),(212,NULL,NULL,'',NULL,1,1,'wx',1,NULL,'ok0WZ5WX-kCsDTOrq6uw5ySkUNI4',NULL,1527221902),(213,NULL,NULL,'',NULL,1,1,'wx',1,NULL,'ok0WZ5XPDtyFB0fZU76DQN9KJwDg',NULL,1527221907),(214,NULL,NULL,'',NULL,1,1,'wx',1,NULL,'ok0WZ5S9gqJXULxlXf3v5hSuw5XY',NULL,1527221916),(215,NULL,NULL,'',NULL,1,1,'wx',1,NULL,'ok0WZ5dWtoHf_MXNeh4hS23qxNPk',NULL,1527221923),(216,NULL,NULL,'',NULL,1,1,'wx',1,NULL,'ok0WZ5ROF5s4T7DUHqpNeWIJlvl4',NULL,1527221997),(217,NULL,NULL,'',NULL,1,1,'wx',1,NULL,'ok0WZ5X6Dtc-U9Ms4KiR0C1VvKJ8',NULL,1527222048),(218,NULL,NULL,'',NULL,1,1,'wx',1,NULL,'ok0WZ5URMcwEgpHUVR2ZTjJzH-2M',NULL,1527222082),(219,NULL,NULL,'',NULL,1,1,'wx',1,NULL,'ok0WZ5WYtHxvxZYU52VOQQLXJbf0',NULL,1527222121),(220,NULL,NULL,'',NULL,1,1,'wx',1,NULL,'ok0WZ5e5KEIu2sMREJzUdxjyvXc8',NULL,1527222172),(221,NULL,NULL,'',NULL,1,1,'wx',1,NULL,'ok0WZ5bb8EAFE3yYp3uavVKnho5E',NULL,1527222339),(222,NULL,NULL,'',NULL,1,1,'wx',1,NULL,'ok0WZ5eXNmEkevhyuNqM4X2WtAFU',NULL,1527222373),(223,NULL,NULL,'',NULL,1,1,'wx',1,NULL,'ok0WZ5Rt1l34i_wulh_oW51uznvA',NULL,1527222392),(224,NULL,NULL,'',NULL,1,1,'wx',1,NULL,'ok0WZ5V7sX3tvCHA_JrWbNw6lv-Y',NULL,1527222534),(225,NULL,NULL,'',NULL,1,1,'wx',1,NULL,'ok0WZ5b9qwh6fr9dYqW9_4ByHftQ',NULL,1527222697),(226,NULL,NULL,'',NULL,1,1,'wx',1,NULL,'ok0WZ5YNxwzUqiPtIjRu9OSQIZCc',NULL,1527222792),(227,NULL,NULL,'',NULL,1,1,'wx',1,NULL,'ok0WZ5X90RIdPVfMgYklDUTuX7-E',NULL,1527223292),(228,NULL,NULL,'',NULL,1,1,'wx',1,NULL,'ok0WZ5W06hvM5z6VD_piWX-EwxrY',NULL,1527223723),(229,NULL,NULL,'',NULL,1,1,'wx',1,NULL,'ok0WZ5f8kq1eS6JrEnphBUwmVT9s',NULL,1527223786),(230,NULL,NULL,'',NULL,1,1,'wx',1,NULL,'ok0WZ5dXkV2LGu-4gYbbl1_1DgjA',NULL,1527224478),(231,NULL,NULL,'',NULL,1,1,'wx',1,NULL,'ok0WZ5U4ZjiBpM6v47jsbWUCGeYs',NULL,1527226228),(232,NULL,NULL,'',NULL,1,1,'wx',1,NULL,'ok0WZ5fk2MjJt0o1JeShrzqyNYhg',NULL,1527226314),(233,NULL,NULL,'',NULL,1,1,'wx',1,NULL,'ok0WZ5Ug81trRDruW4LdT2QsoSPo',NULL,1527227688),(234,NULL,NULL,'',NULL,1,1,'wx',1,NULL,'ok0WZ5WL6AcZpwLwRmG1X9wShcDs',NULL,1527228110),(235,NULL,NULL,'',NULL,1,1,'wx',1,NULL,'ok0WZ5QrVAZ2Bjgqj_QCm3un1Org',NULL,1527229812),(236,NULL,NULL,'',NULL,1,1,'wx',1,NULL,'ok0WZ5ZnQi6kqTU1y0k-O4nn61DM',NULL,1527229982),(237,NULL,NULL,'',NULL,1,1,'wx',1,NULL,'ok0WZ5QepeYjIzu-rXqEiFcwY6nk',NULL,1527231112),(238,NULL,NULL,'',NULL,1,1,'wx',1,NULL,'ok0WZ5VuA90qWDTsAeBveJS5uOvw',NULL,1527231574),(239,NULL,NULL,'',NULL,1,1,'wx',1,NULL,'ok0WZ5emkxNWhPyTqD5uj2gLKwmQ',NULL,1527232902),(240,NULL,NULL,'',NULL,1,1,'wx',1,NULL,'ok0WZ5XaAf6FW28dAaYZcj7WXgww',NULL,1527233679),(241,NULL,NULL,'',NULL,1,1,'wx',1,NULL,'ok0WZ5T3N-dEG_cOVdTz6Gy63JtI',NULL,1527233711),(242,NULL,NULL,'',NULL,1,1,'wx',1,NULL,'ok0WZ5cG7ZRvFG4VxcS20hejAQeU',NULL,1527237366),(243,NULL,NULL,'',NULL,1,1,'wx',1,NULL,'ok0WZ5UurLwkGT_NFMDLZN6XAmTs',NULL,1527237872),(244,NULL,NULL,'',NULL,1,1,'wx',1,NULL,'ok0WZ5T9H40-wpQBsU2P1V5fNTB4',NULL,1527238241),(245,NULL,NULL,'',NULL,1,1,'wx',1,NULL,'ok0WZ5b7U72s5JEKiim7UdBtshAk',NULL,1527238291),(246,NULL,NULL,'',NULL,1,1,'wx',1,NULL,'ok0WZ5WmC5z8muKNlna26vJLuUtY',NULL,1527239526),(247,NULL,NULL,'',NULL,1,1,'wx',1,NULL,'ok0WZ5cyoJ2tQaAzkbNdT86nYbMs',NULL,1527241026),(248,NULL,NULL,'',NULL,1,1,'wx',1,NULL,'ok0WZ5ZItLIr9Yph6L5LXJYTKxME',NULL,1527241887),(249,NULL,NULL,'',NULL,1,1,'wx',1,NULL,'ok0WZ5f58imF6nHwif8wCkrXdp-0',NULL,1527245146),(250,NULL,NULL,'',NULL,1,1,'wx',1,NULL,'ok0WZ5YDPB12a4UvUsdxIPRmiafA',NULL,1527246041),(251,NULL,NULL,'',NULL,1,1,'wx',1,NULL,'ok0WZ5V_TWwme5oPc7J9BybJ4Z8E',NULL,1527249373),(252,NULL,NULL,'',NULL,1,1,'wx',1,NULL,'ok0WZ5TZSQjU7RGa0j7oFKZTrq6o',NULL,1527250975),(253,'\"\\u4e1c\"','东','',NULL,1,1,'wx',1,'https://wx.qlogo.cn/mmopen/vi_32/fS4QfWYvWBiafXyRSszp40PXFRfJ5pzmVWwM2uK40zBl2udRaqFGu511RpdUT2JZ1dc93N1Vl5Gd3OY1hr5897A/132','ok0WZ5WaNRyCn9E2w97KJetvHYVQ',NULL,1527251853),(254,NULL,NULL,'',NULL,1,1,'wx',1,NULL,'ok0WZ5R-vtLjWV5FZlHQP9m-5o0I',NULL,1527254153),(255,NULL,NULL,'',NULL,1,1,'wx',1,NULL,'ok0WZ5SB7ZaL_X95SLw9zAdFHNao',NULL,1527254459),(256,NULL,NULL,'',NULL,1,1,'wx',1,NULL,'ok0WZ5X4gcoPINPdLmFWhVp7YQn4',NULL,1527255120),(257,NULL,NULL,'',NULL,1,1,'wx',1,NULL,'ok0WZ5RxStDAw5CC38B9OznCotv4',NULL,1527256885),(258,NULL,NULL,'',NULL,1,1,'wx',1,NULL,'ok0WZ5azcQBmIxDJd5Q5smFaLYVk',NULL,1527258310),(259,NULL,NULL,'',NULL,1,1,'wx',1,NULL,'ok0WZ5WobO2MSd_YhmieA99d6KCo',NULL,1527259501),(260,NULL,NULL,'',NULL,1,1,'wx',1,NULL,'ok0WZ5QwfwIwukhFM7F6LgfSTkig',NULL,1527260165),(261,NULL,NULL,'',NULL,1,1,'wx',1,NULL,'ok0WZ5Xk0Qf8H-soXUoICMPU2wn4',NULL,1527260861),(262,NULL,NULL,'',NULL,1,1,'wx',1,NULL,'ok0WZ5ReW61dJG8H02wsoUtBTt5M',NULL,1527261642),(263,NULL,NULL,'',NULL,1,1,'wx',1,NULL,'ok0WZ5bsXWcToxnpeX978D-czbRk',NULL,1527289471),(264,NULL,NULL,'',NULL,1,1,'wx',1,NULL,'ok0WZ5Ubg6hI9KcuZrjvIbHbXeew',NULL,1527296129),(265,NULL,NULL,'',NULL,1,1,'wx',1,NULL,'ok0WZ5U1_jkVBm0LeuYrLd9oYxKE',NULL,1527296163),(266,NULL,NULL,'',NULL,1,1,'wx',1,NULL,'ok0WZ5T8W7zzcOMm2NtW_qBSkFLA',NULL,1527297591),(267,NULL,NULL,'',NULL,1,1,'wx',1,NULL,'ok0WZ5catwRvejQhrxPK9qsated4',NULL,1527298104),(268,NULL,NULL,'',NULL,1,1,'wx',1,NULL,'ok0WZ5Xaht2pQoGS0ZslU5xaDSNo',NULL,1527298336),(269,NULL,NULL,'',NULL,1,1,'wx',1,NULL,'ok0WZ5Yqw9hYrGuCRLjkJlJWdVHE',NULL,1527299228),(270,NULL,NULL,'',NULL,1,1,'wx',1,NULL,'ok0WZ5WEZYrN4w6PI8AG-eWHVz-g',NULL,1527299354),(271,NULL,NULL,'',NULL,1,1,'wx',1,NULL,'ok0WZ5W9kQMdVFENOrCoGpNlrYpw',NULL,1527310432),(272,'\"\\u6bdb\\u6bdb\"','毛毛','',NULL,1,1,'wx',2,'https://wx.qlogo.cn/mmopen/vi_32/YxFvGVPcWsU1VL5Yy5icWsRtv9cAHKY7HtuePal2icgIJAYnTL1fbibIbSSIHricNVCofBGMXtcTAQ9Ooicqhxc0qHw/132','ok0WZ5RihPHRUoHRK-itcIIOUUTE',NULL,1527320928),(273,NULL,NULL,'',NULL,1,1,'wx',1,NULL,'ok0WZ5WQfl6FLfxm_IRyxahheZh0',NULL,1527324152),(274,NULL,NULL,'',NULL,1,1,'wx',1,NULL,'ok0WZ5dN4pgfLmIJ2DKrIBWzSBZ8',NULL,1527324292),(275,NULL,NULL,'',NULL,1,1,'wx',1,NULL,'ok0WZ5bsR8v-eRVgzMgZ6f36OHjM',NULL,1527325605),(276,NULL,NULL,'',NULL,1,1,'wx',1,NULL,'ok0WZ5cO9QtlIrf5GIKqm1Ms6Fhk',NULL,1527330475),(277,NULL,NULL,'',NULL,1,1,'wx',1,NULL,'ok0WZ5f-edUZpoMKsSWQtXM0jW3g',NULL,1527334055),(278,NULL,NULL,'',NULL,1,1,'wx',1,NULL,'ok0WZ5ZlfGxPL2qtM3jOus6Cths0',NULL,1527340730),(279,NULL,NULL,'',NULL,1,1,'wx',1,NULL,'ok0WZ5X6W1Z6BytZ8CDXm_3YlaYg',NULL,1527350900),(280,NULL,NULL,'',NULL,1,1,'wx',1,NULL,'ok0WZ5eCoaeWrcNn5taJL9QTYmAY',NULL,1527391612),(281,NULL,NULL,'',NULL,1,1,'wx',1,NULL,'ok0WZ5Rf2Ft7YaoHzIxHoS_NTZ2E',NULL,1527403214),(282,NULL,NULL,'',NULL,1,1,'wx',1,NULL,'ok0WZ5YlaTXKB1F_vM0FluT0nwqA',NULL,1527407779),(283,NULL,NULL,'',NULL,1,1,'wx',1,NULL,'ok0WZ5dSNhekCybdfAd1FpD9YXEY',NULL,1527410670),(284,NULL,NULL,'',NULL,1,1,'wx',1,NULL,'ok0WZ5blJEI9_xZUc0FvZo0NjLkE',NULL,1527411683),(285,NULL,NULL,'',NULL,1,1,'wx',1,NULL,'ok0WZ5Q_MUMxJXtRHJl2YgR_7AAg',NULL,1527421509),(286,NULL,NULL,'',NULL,1,1,'wx',1,NULL,'ok0WZ5fgYG6R-4IXhqBPCtshiYrk',NULL,1527425249),(287,NULL,NULL,'',NULL,1,1,'wx',1,NULL,'ok0WZ5TsAXrJHoT0DMDNGAqXT-DU',NULL,1527436567),(288,'\"XQQQQQ \\ue32e\"','XQQQQQ ','',NULL,1,1,'wx',2,'https://wx.qlogo.cn/mmopen/vi_32/DYAIOgq83eqNo0Va8qw8Iibx7vGKkjnxt8zuFq2JbgzWHAo0yicbJl04dL6kSwl8OPRJMKGKH8VwhKbqpe5icrVZw/132','ok0WZ5WT9uRRa5tieFPaLJ2gagng',NULL,1527468296),(289,'\"JR\"','JR','',NULL,1,1,'wx',2,'https://wx.qlogo.cn/mmopen/vi_32/DYAIOgq83epHwzu86T1Il6ibjJn4bWHETYOO9EdUrwwibxbkiagqVUicclEqgqmPlyo3eCbsVXjicdnOz6u2XfmABEQ/132','ok0WZ5VqR8dDw6nj8TTGcI_b_HLY',NULL,1527473254),(290,NULL,NULL,'',NULL,1,1,'wx',1,NULL,'ok0WZ5SYnz0YIvByMqVMZfbrfUqE',NULL,1527474524),(291,NULL,NULL,'',NULL,1,1,'wx',1,NULL,'ok0WZ5QZZEN2spgBZTYjWrtv9qpo',NULL,1527478717),(292,NULL,NULL,'',NULL,1,1,'wx',1,NULL,'ok0WZ5SPaT4Zji3Wyv2p8zoX3qvs',NULL,1527480557),(293,NULL,NULL,'',NULL,1,1,'wx',1,NULL,'ok0WZ5bgH2w6GT06lPjg8sRVh6CE',NULL,1527481165),(294,'\"\\u5c0f\\u610f\"','小意','',NULL,1,1,'wx',2,'https://wx.qlogo.cn/mmopen/vi_32/PiajxSqBRaEJIialUZevN66sNU7LzBZ6dwe6wQBxCQ4N5XEzJAQuichkWEBAF0RWxK0KnB1tW2EKxnnB62avrOYFQ/132','ok0WZ5QpESTmGtAhVJzcDS-PavKY',NULL,1527481178),(295,NULL,NULL,'',NULL,1,1,'wx',1,NULL,'ok0WZ5frSxZ46hXp1AUIqAD7UPSQ',NULL,1527481183),(296,NULL,NULL,'',NULL,1,1,'wx',1,NULL,'ok0WZ5dJtU2rMjSKldF5mwTwjPcU',NULL,1527481204),(297,NULL,NULL,'',NULL,1,1,'wx',1,NULL,'ok0WZ5ZFsKfVpSU7PKOq4SMJ-5cc',NULL,1527481324),(298,NULL,NULL,'',NULL,1,1,'wx',1,NULL,'ok0WZ5WQ7zeqw-YRjAS6GYJWweNs',NULL,1527481359),(299,NULL,NULL,'',NULL,1,1,'wx',1,NULL,'ok0WZ5YqogaaqqkfIL_Tij9denMo',NULL,1527481557),(300,NULL,NULL,'',NULL,1,1,'wx',1,NULL,'ok0WZ5bGjAu3qxu190tYf41oeAe8',NULL,1527481789),(301,NULL,NULL,'',NULL,1,1,'wx',1,NULL,'ok0WZ5WGWbhN252_-NKUBpBGdXvk',NULL,1527482169),(302,NULL,NULL,'',NULL,1,1,'wx',1,NULL,'ok0WZ5W9UX2SVHGM3AW_3hDT3f9Y',NULL,1527482247),(303,NULL,NULL,'',NULL,1,1,'wx',1,NULL,'ok0WZ5dvh7W6vxHd5yA63v7yQNuI',NULL,1527483030),(304,NULL,NULL,'',NULL,1,1,'wx',1,NULL,'ok0WZ5eb8sn1B_2Z5mzsbpmI1L4g',NULL,1527483087),(305,NULL,NULL,'',NULL,1,1,'wx',1,NULL,'ok0WZ5UTA_-tNzmFGSmCjf0rWl58',NULL,1527484765),(306,NULL,NULL,'',NULL,1,1,'wx',1,NULL,'ok0WZ5bO0WstMXA8nY5FPm1avhlw',NULL,1527484890),(307,NULL,NULL,'',NULL,1,1,'wx',1,NULL,'ok0WZ5XdKfATfifdmSYAWCdJG334',NULL,1527486496),(308,NULL,NULL,'',NULL,1,1,'wx',1,NULL,'ok0WZ5WVtXlhbQUXVY-jbyB1FCxQ',NULL,1527487328),(309,'\"A.hammy Cake\"','A.hammy Cake','',NULL,1,1,'wx',2,'https://wx.qlogo.cn/mmopen/vi_32/Q0j4TwGTfTLIgG7hzpJv3CwpDOfeX8y5icEdmBl5wIXKVZYx7EribRtibGf39ODDI1MEaYTh3jM0fGwfUTYtkpmibw/132','ok0WZ5XbAHhHDVBNk5UFMObKErjY',NULL,1527487743),(310,NULL,NULL,'',NULL,1,1,'wx',1,NULL,'ok0WZ5UBRk4XHk8anEZhJjD2i-yY',NULL,1527487827),(311,NULL,NULL,'',NULL,1,1,'wx',1,NULL,'ok0WZ5QsIKqVqG_T1ggUiyHI7tyI',NULL,1527487852),(312,NULL,NULL,'',NULL,1,1,'wx',1,NULL,'ok0WZ5Y5VLCpD6dTH3MO3F0xadSk',NULL,1527488296),(313,NULL,NULL,'',NULL,1,1,'wx',1,NULL,'ok0WZ5VNx5Ilrv4DISOgJnye95NE',NULL,1527488372),(314,NULL,NULL,'',NULL,1,1,'wx',1,NULL,'ok0WZ5Zan6xITR2HrQTVR6pWtB_o',NULL,1527490095),(315,NULL,NULL,'',NULL,1,1,'wx',1,NULL,'ok0WZ5ZAYe9H_UENzrcQUFoiq5OE',NULL,1527491841),(316,NULL,NULL,'',NULL,1,1,'wx',1,NULL,'ok0WZ5eP_jOmMFgEyBwtYU3b9OLk',NULL,1527491867),(317,NULL,NULL,'',NULL,1,1,'wx',1,NULL,'ok0WZ5Zmmy5fIu3nSGYrTZY-y8CY',NULL,1527493012),(318,NULL,NULL,'',NULL,1,1,'wx',1,NULL,'ok0WZ5RQcSQIs1meWD0MWXkPoGBE',NULL,1527493220),(319,'\"\\u7f51\\u7ad9\\u63a8\\u5e7f   \\u5173\\u654f\"','网站推广   关敏','',NULL,1,1,'wx',2,'https://wx.qlogo.cn/mmopen/vi_32/h96jNpr6NqIr1of05Sq7ia0fo7dfg5lePV6Phdr1o0kW14F05XAV44SDJwruzTG4YiaoVkBlKUYMcFWBwbk4pGFw/132','ok0WZ5ZbF6V1h-Nmw-_3Eba-nW2M',NULL,1527493863),(320,NULL,NULL,'',NULL,1,1,'wx',1,NULL,'ok0WZ5Qbs76IGT5b9XX2YP4OtnB0',NULL,1527494855),(321,NULL,NULL,'',NULL,1,1,'wx',1,NULL,'ok0WZ5X5IqrLLwaOQgqj27jGPZWg',NULL,1527497740),(322,NULL,NULL,'',NULL,1,1,'wx',1,NULL,'ok0WZ5bgpaVCSdP5K_VUszfXzwhk',NULL,1527498631),(323,'\"\\u5c0f\\u5ff5\"','小念','',NULL,1,1,'wx',1,'https://wx.qlogo.cn/mmopen/vi_32/DYAIOgq83eoNT3vibtDVUI13AnPyTRK0PzQ6zd1LyuJYt4Unzy5DrUEiaeBUzNGXU10XfXlkc2wiciaY9wGWibzb3og/132','ok0WZ5f9pbXLc5hn9Ds9jgoFZ0ug',NULL,1527499808),(324,NULL,NULL,'',NULL,1,1,'wx',1,NULL,'ok0WZ5e6H42ijMhVjghBOS4yuX2E',NULL,1527501152),(325,NULL,NULL,'',NULL,1,1,'wx',1,NULL,'ok0WZ5d8sBTJaGwv-bBqPyi5qtpY',NULL,1527503319),(326,NULL,NULL,'',NULL,1,1,'wx',1,NULL,'ok0WZ5c-Cw_ZNg1rkezhpByMONDE',NULL,1527503492),(327,NULL,NULL,'',NULL,1,1,'wx',1,NULL,'ok0WZ5VMEfFLFhuUfJ7G2-A4unrk',NULL,1527505139),(328,NULL,NULL,'',NULL,1,1,'wx',1,NULL,'ok0WZ5ZHbqrbGqO5olfevlpRaKZI',NULL,1527513391),(329,NULL,NULL,'',NULL,1,1,'wx',1,NULL,'ok0WZ5RLsWn47bd279lPk_S8cDnw',NULL,1527513849),(330,NULL,NULL,'',NULL,1,1,'wx',1,NULL,'ok0WZ5d9uS43A_-Uol6tPDEqT6Tk',NULL,1527514101),(331,NULL,NULL,'',NULL,1,1,'wx',1,NULL,'ok0WZ5XQfA8EKZAHBgsfUkSHmpBY',NULL,1527518940),(332,NULL,NULL,'',NULL,1,1,'wx',1,NULL,'ok0WZ5UCpxVuNrTSaoHzROeZQmg8',NULL,1527530885),(333,NULL,NULL,'',NULL,1,1,'wx',1,NULL,'ok0WZ5XbBTejf1C0peUm4LDHLd9w',NULL,1527543544),(334,NULL,NULL,'',NULL,1,1,'wx',1,NULL,'ok0WZ5a2YSl7jBsiWLKc7rU5_zSA',NULL,1527547936),(335,NULL,NULL,'',NULL,1,1,'wx',1,NULL,'ok0WZ5TVD5fbVbW34LTMV2nuv6MU',NULL,1527550356),(336,NULL,NULL,'',NULL,1,1,'wx',1,NULL,'ok0WZ5T2_9FLE7G_3y6j6XVrmgyQ',NULL,1527557882),(337,NULL,NULL,'',NULL,1,1,'wx',1,NULL,'ok0WZ5awNqqiZQd7QgPgohm-SQzQ',NULL,1527559595),(338,NULL,NULL,'',NULL,1,1,'wx',1,NULL,'ok0WZ5R8CqG2IGBWwcHOcrYFACJE',NULL,1527571835),(339,NULL,NULL,'',NULL,1,1,'wx',1,NULL,'ok0WZ5XWl965_uEfMFuCw5wq_79k',NULL,1527574523),(340,NULL,NULL,'',NULL,1,1,'wx',1,NULL,'ok0WZ5VD1gmRyvkNSs3AgLNHR5Kg',NULL,1527574704),(341,NULL,NULL,'',NULL,1,1,'wx',1,NULL,'ok0WZ5bv7mLYrCjUslUUrwR9Rq3Y',NULL,1527582219),(342,NULL,NULL,'',NULL,1,1,'wx',1,NULL,'ok0WZ5YrZpXiE0es_7hWv2Edxsyc',NULL,1527583945),(343,NULL,NULL,'',NULL,1,1,'wx',1,NULL,'ok0WZ5ZFJMLZVvkmcqyx3Hz8LBrg',NULL,1527592293),(344,NULL,NULL,'',NULL,1,1,'wx',1,NULL,'ok0WZ5V2VqbOxv4rmeS3YLfjyvJo',NULL,1527592382),(345,NULL,NULL,'',NULL,1,1,'wx',1,NULL,'ok0WZ5az_s__gESbQ7BkFBoZA11U',NULL,1527608532),(346,NULL,NULL,'',NULL,1,1,'wx',1,NULL,'ok0WZ5bG8soOlwStgMCrJF4q_Dvc',NULL,1527621580),(347,NULL,NULL,'',NULL,1,1,'wx',1,NULL,'ok0WZ5Ry7uF9erPVwU86E2DZp9N4',NULL,1527656120),(348,NULL,NULL,'',NULL,1,1,'wx',1,NULL,'ok0WZ5aJpKsMeoysahycE0scanfY',NULL,1527656297),(349,NULL,NULL,'',NULL,1,1,'wx',1,NULL,'ok0WZ5dLMGW2nONUm2Y7QAJKo8fs',NULL,1527656678),(350,NULL,NULL,'',NULL,1,1,'wx',1,NULL,'ok0WZ5WOjfMr-nd_qLA8sktNFGSA',NULL,1527656735),(351,NULL,NULL,'',NULL,1,1,'wx',1,NULL,'ok0WZ5U4VaHFuEWBKqr1Yusu6EOU',NULL,1527656780),(352,NULL,NULL,'',NULL,1,1,'wx',1,NULL,'ok0WZ5Wi-Dp2JVFaJmYUtGvUNRSQ',NULL,1527657709),(353,NULL,NULL,'',NULL,1,1,'wx',1,NULL,'ok0WZ5V5KLcdRyHGU-JvPumrdB1g',NULL,1527658055),(354,NULL,NULL,'',NULL,1,1,'wx',1,NULL,'ok0WZ5WoVvQ9yQ4Bptv3IXGa9tdg',NULL,1527658212),(355,NULL,NULL,'',NULL,1,1,'wx',1,NULL,'ok0WZ5eVt9I6qoUeeQnSiHzf24ew',NULL,1527658284),(356,NULL,NULL,'',NULL,1,1,'wx',1,NULL,'ok0WZ5eerzkoJ507kqKbDPeX1nI8',NULL,1527658716),(357,NULL,NULL,'',NULL,1,1,'wx',1,NULL,'ok0WZ5aJM7GvYR2tEE420_Mtvukk',NULL,1527659070),(358,NULL,NULL,'',NULL,1,1,'wx',1,NULL,'ok0WZ5U2b3kEfB2qhSLefME9Vswc',NULL,1527659215),(359,NULL,NULL,'',NULL,1,1,'wx',1,NULL,'ok0WZ5UoRkc1K11RNmhhOis7yXGk',NULL,1527659537),(360,NULL,NULL,'',NULL,1,1,'wx',1,NULL,'ok0WZ5TZ_PvuhNrTt6pqD2iVXq64',NULL,1527661481),(361,NULL,NULL,'',NULL,1,1,'wx',1,NULL,'ok0WZ5fY0sCC_Knmj-Msgl1_9uv8',NULL,1527662277),(362,NULL,NULL,'',NULL,1,1,'wx',1,NULL,'ok0WZ5aTTHJnz8UHuzLe-LXDjgAk',NULL,1527664766),(363,NULL,NULL,'',NULL,1,1,'wx',1,NULL,'ok0WZ5bOhlsZMuggSMsDpXVFNDrs',NULL,1527667234),(364,NULL,NULL,'',NULL,1,1,'wx',1,NULL,'ok0WZ5YsGBew8hX-qIw63DAknPmw',NULL,1527672856),(365,NULL,NULL,'',NULL,1,1,'wx',1,NULL,'ok0WZ5UGoUQWtezw97x9kARiaaFc',NULL,1527675402),(366,NULL,NULL,'',NULL,1,1,'wx',1,NULL,'ok0WZ5U5_qIxq7eeHVgT-un3eImA',NULL,1527685799),(367,NULL,NULL,'',NULL,1,1,'wx',1,NULL,'ok0WZ5clRKnJDECAbl8a8_82ysJU',NULL,1527687612),(368,NULL,NULL,'',NULL,1,1,'wx',1,NULL,'ok0WZ5ev5bPOI0ZHazQRRO6RHpTk',NULL,1527727124),(369,NULL,NULL,'',NULL,1,1,'wx',1,NULL,'ok0WZ5Rimi2EdSCP9maHyONlmmwY',NULL,1527728972),(370,NULL,NULL,'',NULL,1,1,'wx',1,NULL,'ok0WZ5dlplJALs3sTkSYIkwr7FME',NULL,1527729124),(371,NULL,NULL,'',NULL,1,1,'wx',1,NULL,'ok0WZ5SE3P6i03vGKFmJJ6hIskZ0',NULL,1527738692),(372,NULL,NULL,'',NULL,1,1,'wx',1,NULL,'ok0WZ5asfi-LrfhNa6BrxzbUjYnQ',NULL,1527748830),(373,NULL,NULL,'',NULL,1,1,'wx',1,NULL,'ok0WZ5bvdQCvz5IqjJcKRDJrDNfg',NULL,1527753574),(374,NULL,NULL,'',NULL,1,1,'wx',1,NULL,'ok0WZ5U-TnhujxHhHkWlkVSfC4Yo',NULL,1527761521),(375,NULL,NULL,'',NULL,1,1,'wx',1,NULL,'ok0WZ5eFAHpZHnTKsqkfomNLJPSY',NULL,1527781849),(376,NULL,NULL,'',NULL,1,1,'wx',1,NULL,'ok0WZ5aC3uwsNtE7zfnkKJG3flws',NULL,1527812615),(377,NULL,NULL,'',NULL,1,1,'wx',1,NULL,'ok0WZ5aOXzlsg71MZ43buvpAnar0',NULL,1527829170),(378,NULL,NULL,'',NULL,1,1,'wx',1,NULL,'ok0WZ5YFxnur7TH2dG2fl0HQnpDk',NULL,1527837059),(379,NULL,NULL,'',NULL,1,1,'wx',1,NULL,'ok0WZ5TPKXjg0ISE-oK_9UtQ76d8',NULL,1527839419),(380,NULL,NULL,'',NULL,1,1,'wx',1,NULL,'ok0WZ5ViAjTrGES4seYT9eIj7zz0',NULL,1527839460),(381,NULL,NULL,'',NULL,1,1,'wx',1,NULL,'ok0WZ5ROrljaVsh-mFV5P3c6ZQhc',NULL,1527840760),(382,NULL,NULL,'',NULL,1,1,'wx',1,NULL,'ok0WZ5TRle_h-6nYFAN9CbdYPAHk',NULL,1527841189),(383,NULL,NULL,'',NULL,1,1,'wx',1,NULL,'ok0WZ5SncNcqxShH-jBzDSl4xXrA',NULL,1527844648),(384,NULL,NULL,'',NULL,1,1,'wx',1,NULL,'ok0WZ5V-sOrSfXXkLgaWaFZuSXNc',NULL,1527853230),(385,NULL,NULL,'',NULL,1,1,'wx',1,NULL,'ok0WZ5ddkhJOmpHV4-Ay8ghUvhNM',NULL,1527855696),(386,NULL,NULL,'',NULL,1,1,'wx',1,NULL,'ok0WZ5Xa7DkierD62TljIpUy83Qc',NULL,1527860971),(387,NULL,NULL,'',NULL,1,1,'wx',1,NULL,'ok0WZ5V-x1yHVy-Zre1ch-I-XA9s',NULL,1527867775),(388,NULL,NULL,'',NULL,1,1,'wx',1,NULL,'ok0WZ5d9uEMH2bXmMbFO_7rC6lD0',NULL,1527889842),(389,NULL,NULL,'',NULL,1,1,'wx',1,NULL,'ok0WZ5XcLM3elZJ_XUViw8EzPyRo',NULL,1527900215),(390,NULL,NULL,'',NULL,1,1,'wx',1,NULL,'ok0WZ5TyLBZfLpnrqdoLPS8wK6Uw',NULL,1527909148),(391,NULL,NULL,'',NULL,1,1,'wx',1,NULL,'ok0WZ5Zj_0zzJ-oPcsxoNhMR1Y5M',NULL,1527911190),(392,NULL,NULL,'',NULL,1,1,'wx',1,NULL,'ok0WZ5VdU6Rsn67JBdLX7yNTwKJc',NULL,1527911682),(393,NULL,NULL,'',NULL,1,1,'wx',1,NULL,'ok0WZ5SeWBCKs_Ve89ooOQYcg22Y',NULL,1527912569),(394,NULL,NULL,'',NULL,1,1,'wx',1,NULL,'ok0WZ5byTzPTA1l-mhuYcbaVlBz8',NULL,1527922190),(395,NULL,NULL,'',NULL,1,1,'wx',1,NULL,'ok0WZ5WNje2zOLRbdbV-_KM4UBLY',NULL,1527943279),(396,NULL,NULL,'',NULL,1,1,'wx',1,NULL,'ok0WZ5ZIS8DBcGM2WEvNbBJXsFvM',NULL,1527945792),(397,NULL,NULL,'',NULL,1,1,'wx',1,NULL,'ok0WZ5RyUj8ALYB419OCEXaCR39U',NULL,1528003049),(398,NULL,NULL,'',NULL,1,1,'wx',1,NULL,'ok0WZ5Z5UPMbPbAM0BzYp2Vz9sJY',NULL,1528031317),(399,NULL,NULL,'',NULL,1,1,'wx',1,NULL,'ok0WZ5XqsVI4PqB-VoayVAQKVGF4',NULL,1528037700),(400,NULL,NULL,'',NULL,1,1,'wx',1,NULL,'ok0WZ5VpuroQKm2-XpTgmUt0wsjQ',NULL,1528043956),(401,NULL,NULL,'',NULL,1,1,'wx',1,NULL,'ok0WZ5btMxB8UgGACA6DTaZWNuu0',NULL,1528044453),(402,NULL,NULL,'',NULL,1,1,'wx',1,NULL,'ok0WZ5V46reD-nqe0bk_8rHro5Lc',NULL,1528047584),(403,NULL,NULL,'',NULL,1,1,'wx',1,NULL,'ok0WZ5ZeCdxbrYKsnn5Ybwj02C4E',NULL,1528050332),(404,NULL,NULL,'',NULL,1,1,'wx',1,NULL,'ok0WZ5QUMcQ1BoNaiYmCMEGCmbjw',NULL,1528086802),(405,NULL,NULL,'',NULL,1,1,'wx',1,NULL,'ok0WZ5b3yRCYoNHSqql1D5vty1c8',NULL,1528086907),(406,NULL,NULL,'',NULL,1,1,'wx',1,NULL,'ok0WZ5Ubb0IH8Nvf-5UJ0ilIonSs',NULL,1528087216),(407,NULL,NULL,'',NULL,1,1,'wx',1,NULL,'ok0WZ5WhApnJzne-HOzNB_ZfQd9o',NULL,1528087636),(408,NULL,NULL,'',NULL,1,1,'wx',1,NULL,'ok0WZ5bteHLVmtcN7lXK34AFNHgk',NULL,1528088901),(409,NULL,NULL,'',NULL,1,1,'wx',1,NULL,'ok0WZ5dRupwkwXKNPw6rSnN_5hko',NULL,1528092199),(410,NULL,NULL,'',NULL,1,1,'wx',1,NULL,'ok0WZ5Y9iucGEWahClo5Js3QTzMM',NULL,1528094453),(411,NULL,NULL,'',NULL,1,1,'wx',1,NULL,'ok0WZ5S1QBT8fFsSUqOc_ywLvR7Y',NULL,1528098129),(412,NULL,NULL,'',NULL,1,1,'wx',1,NULL,'ok0WZ5VaOQsh5GvLPUDaPDvHDbBY',NULL,1528098682),(413,NULL,NULL,'',NULL,1,1,'wx',1,NULL,'ok0WZ5f0y0KrxxWVMZadRd6-Mcdc',NULL,1528098715),(414,NULL,NULL,'',NULL,1,1,'wx',1,NULL,'ok0WZ5WAZ9UtGoCOtN6GmqZ-Dqng',NULL,1528099181),(415,NULL,NULL,'',NULL,1,1,'wx',1,NULL,'ok0WZ5XGuvsgk7tfLMLkemPovbJA',NULL,1528100156),(416,NULL,NULL,'',NULL,1,1,'wx',1,NULL,'ok0WZ5YJ-fVP3npJZ2S4D1mUcD2k',NULL,1528101092),(417,NULL,NULL,'',NULL,1,1,'wx',1,NULL,'ok0WZ5QtK6J9uE3F5qvZp31WZAlQ',NULL,1528106151),(418,NULL,NULL,'',NULL,1,1,'wx',1,NULL,'ok0WZ5aqN0JJ2wwgmEDYP7jt9ylY',NULL,1528112029),(419,NULL,NULL,'',NULL,1,1,'wx',1,NULL,'ok0WZ5QqOP4HDgTzHUm_5OcDPBrs',NULL,1528115462),(420,NULL,NULL,'',NULL,1,1,'wx',1,NULL,'ok0WZ5ePK_1_X8_180tZEayTBKuA',NULL,1528116451),(421,NULL,NULL,'',NULL,1,1,'wx',1,NULL,'ok0WZ5Z6obMaNf-4nEI1boCTzv_0',NULL,1528116618),(422,NULL,NULL,'',NULL,1,1,'wx',1,NULL,'ok0WZ5fDr3p5LNWi_dhaeatj4vYk',NULL,1528118567),(423,NULL,NULL,'',NULL,1,1,'wx',1,NULL,'ok0WZ5dZNPOl54YopAfzW93DbX3o',NULL,1528124258),(424,NULL,NULL,'',NULL,1,1,'wx',1,NULL,'ok0WZ5VkYjGDmh9ILNG-x8bATJoI',NULL,1528124361),(425,NULL,NULL,'',NULL,1,1,'wx',1,NULL,'ok0WZ5bQREG3A9QJbD-jcm_nt47Q',NULL,1528127084),(426,NULL,NULL,'',NULL,1,1,'wx',1,NULL,'ok0WZ5QW-9qObA5GmqbXW_PDdabE',NULL,1528166359),(427,NULL,NULL,'',NULL,1,1,'wx',1,NULL,'ok0WZ5YNfbZ9tpCQbdrHc4IEcfrE',NULL,1528168033),(428,NULL,NULL,'',NULL,1,1,'wx',1,NULL,'ok0WZ5fv-LvWkIUEmx5oe-tl57_E',NULL,1528170651),(429,'\"\\u98ce\\u732b\"','风猫','',NULL,1,1,'wx',0,'https://wx.qlogo.cn/mmopen/vi_32/Q0j4TwGTfTIficSIgGHnR2TAmxdx1IXlvz5RLwHBuYWhw8MicozJjS9kibqVOT3TFYrvHgdfVn1I46QmFcBibdYQYw/132','ok0WZ5XGU3geq7Y6zsTLIiEAv0Ns',NULL,1528175706),(430,NULL,NULL,'',NULL,1,1,'wx',1,NULL,'ok0WZ5Vg7TLz_sKelGWJed3N3_V4',NULL,1528176912),(431,NULL,NULL,'',NULL,1,1,'wx',1,NULL,'ok0WZ5c0gij8zH_iGfaInC71NUBk',NULL,1528177228),(432,NULL,NULL,'',NULL,1,1,'wx',1,NULL,'ok0WZ5a8AeguDeauloZYvb2Gc9cA',NULL,1528180294),(433,NULL,NULL,'',NULL,1,1,'wx',1,NULL,'ok0WZ5c73lTDXDVrn-8XURBtQQe0',NULL,1528186439),(434,NULL,NULL,'',NULL,1,1,'wx',1,NULL,'ok0WZ5fNAHF1lsobJQwRMgft0NEM',NULL,1528193383),(435,NULL,NULL,'',NULL,1,1,'wx',1,NULL,'ok0WZ5crmiTfFkHWLXLPXSMlJZ0Q',NULL,1528196037),(436,NULL,NULL,'',NULL,1,1,'wx',1,NULL,'ok0WZ5fKJ8ZwI8RyGSHOFWN9exMs',NULL,1528197340),(437,NULL,NULL,'',NULL,1,1,'wx',1,NULL,'ok0WZ5RhjiMnErlptvMMRd6zbDAg',NULL,1528205291),(438,NULL,NULL,'',NULL,1,1,'wx',1,NULL,'ok0WZ5YxEp58qjitqaRz4O81q31s',NULL,1528205800),(439,NULL,NULL,'',NULL,1,1,'wx',1,NULL,'ok0WZ5Skws0-cWeyHtPPVAFOzmQM',NULL,1528211363);

/*Table structure for table `fl_user_admin` */

DROP TABLE IF EXISTS `fl_user_admin`;

CREATE TABLE `fl_user_admin` (
  `id` int(11) NOT NULL AUTO_INCREMENT,
  `user_name` varchar(255) COLLATE utf8_bin NOT NULL DEFAULT '' COMMENT '用户名',
  `password` varchar(255) COLLATE utf8_bin NOT NULL DEFAULT '' COMMENT '密码',
  `head` varchar(255) COLLATE utf8_bin DEFAULT '' COMMENT '头像',
  `login_times` int(11) NOT NULL DEFAULT '0' COMMENT '登陆次数',
  `last_login_ip` varchar(255) COLLATE utf8_bin NOT NULL DEFAULT '' COMMENT '最后登录IP',
  `last_login_time` int(11) NOT NULL DEFAULT '0' COMMENT '最后登录时间',
  `real_name` varchar(255) COLLATE utf8_bin NOT NULL DEFAULT '' COMMENT '真实姓名',
  `status` int(1) NOT NULL DEFAULT '0' COMMENT '状态',
  `role_id` int(11) NOT NULL DEFAULT '1' COMMENT '用户角色id',
  PRIMARY KEY (`id`)
) ENGINE=InnoDB AUTO_INCREMENT=6 DEFAULT CHARSET=utf8 COLLATE=utf8_bin;

/*Data for the table `fl_user_admin` */

insert  into `fl_user_admin`(`id`,`user_name`,`password`,`head`,`login_times`,`last_login_ip`,`last_login_time`,`real_name`,`status`,`role_id`) values (1,'yangcan','32861e7ff6ce958abad59e2247d590e8','adminUserImg/20180420/878ef7a9f02300e9d7a574c80bd163e8.jpg',94,'127.0.0.1',1528247702,'杨灿',1,1),(3,'123456','32861e7ff6ce958abad59e2247d590e8','',2,'127.0.0.1',1523690932,'哈哈哈',1,4),(5,'wuruiqi','17a30769ff8f58e57de69c49d302a757','',4,'219.134.116.15',1527912229,'吴瑞琦',1,5);

/*Table structure for table `fl_user_order` */

DROP TABLE IF EXISTS `fl_user_order`;

CREATE TABLE `fl_user_order` (
  `id` int(11) NOT NULL AUTO_INCREMENT COMMENT '自增id',
  `buy_id` int(11) NOT NULL COMMENT '购买用户id',
  `course_id` int(11) NOT NULL COMMENT '购买的课程id',
  `order_no` varchar(20) NOT NULL COMMENT '订单编号',
  `price` decimal(9,2) NOT NULL DEFAULT '0.00' COMMENT '订单价格',
  `oktime` int(11) DEFAULT NULL COMMENT '付款时间',
  `addtime` int(11) DEFAULT NULL COMMENT '购买时间',
  `order_status` tinyint(2) NOT NULL DEFAULT '1' COMMENT '付款状态 1未付款 2 已付款 3未知',
  `tel` varchar(11) NOT NULL COMMENT '联系电话',
  `pay_type` int(3) NOT NULL DEFAULT '1' COMMENT '支付方式 1 微信支付 2支付宝 3其他',
  `pay_type_no` varchar(128) DEFAULT NULL COMMENT '支付方式订单号',
  `payment_type` tinyint(2) NOT NULL DEFAULT '1' COMMENT '交款方式 1全款 2定金',
  `is_del` tinyint(2) DEFAULT '0' COMMENT '是否删除订单 0 未删除 1 已删除',
  `money_residue` decimal(9,2) DEFAULT '0.00' COMMENT '定金剩余支付金额',
  `residue_id` int(11) NOT NULL COMMENT '余额支付id',
  `is_agreement` tinyint(2) NOT NULL DEFAULT '1' COMMENT '是否同意协议1 否 2是',
  PRIMARY KEY (`id`)
) ENGINE=InnoDB AUTO_INCREMENT=2 DEFAULT CHARSET=utf8;

/*Data for the table `fl_user_order` */

insert  into `fl_user_order`(`id`,`buy_id`,`course_id`,`order_no`,`price`,`oktime`,`addtime`,`order_status`,`tel`,`pay_type`,`pay_type_no`,`payment_type`,`is_del`,`money_residue`,`residue_id`,`is_agreement`) values (1,2,4,'WX176102237A994899','6990.00',NULL,1527232636,2,'17688978080',1,NULL,2,0,'26000.00',0,2);

/*!40101 SET SQL_MODE=@OLD_SQL_MODE */;
/*!40014 SET FOREIGN_KEY_CHECKS=@OLD_FOREIGN_KEY_CHECKS */;
/*!40014 SET UNIQUE_CHECKS=@OLD_UNIQUE_CHECKS */;
/*!40111 SET SQL_NOTES=@OLD_SQL_NOTES */;
